yaw_mean,yaw_std,pitch_mean,pitch_std,roll_std,ear_mean,ear_std,mar_mean,mar_max,head_velocity_mean,blink_count,blink_rate_per_min,gaze_shift_count,yawn_event_count,drowsy_duration_ratio,phone_gaze_duration_ratio,side_gaze_duration_ratio,off_angle_duration_ratio,yawn_duration_ratio,face_presence_ratio,label
1.6903,2.632,4.4191,2.1013,1.6182,0.2516,0.0417,0.0291,0.124,1.6528,4.0,35.0,0.0,0.0,0.0253,0.0194,0.0156,0.0037,0.0011,0.9834,0
7.2431,7.108,-1.284,1.7953,0.5699,0.2871,0.0283,0.0534,0.1189,0.1,3.0,35.0,0.0,0.0,0.0195,0.0005,0.0268,0.0182,0.0116,0.9766,0
5.9309,3.9208,-1.2915,2.3379,0.8842,0.2572,0.0217,0.0712,0.1077,2.3356,1.0,20.0,0.0,0.0,0.1155,0.0792,0.0896,0.0597,0.0047,0.9422,1
-1.0771,2.1091,-1.2503,2.0356,0.2,0.3096,0.01,0.0119,0.0353,1.1892,4.0,35.0,0.0,0.0,0.0234,0.0322,0.0071,0.0023,0.0064,0.9831,0
-32.6358,0.3,1.8495,1.2696,2.6346,0.2682,0.0276,0.0728,0.2289,4.9193,3.0,60.0,1.0,0.0,0.0666,0.037,0.4288,0.482,0.0013,0.8651,1
-4.1325,4.0442,-34.5891,3.2611,0.8503,0.2533,0.023,0.0379,0.0872,3.1854,2.0,40.0,1.0,0.0,0.0079,0.2969,0.0386,0.6261,0.0074,0.9546,1
1.4984,3.6381,-6.7881,3.9273,3.8692,0.299,0.0336,0.0503,0.0995,6.0,6.0,35.0,0.0,0.0,0.022,0.0131,0.0223,0.0073,0.0011,0.9904,0
2.4265,0.4908,0.0441,1.2152,0.4194,0.3292,0.0278,0.0273,0.0846,0.6569,4.0,35.0,0.0,0.0,0.0008,0.0175,0.0079,0.0095,0.004,0.9918,0
2.2062,1.1065,-1.1731,1.5455,1.1988,0.346,0.0143,0.029,0.0745,0.8442,4.0,35.0,1.0,0.0,0.025,0.0353,0.0067,0.0073,0.0068,1.0,0
0.5399,0.6324,-10.4537,1.1301,0.3322,0.1437,0.0297,0.069,0.1148,0.1,1.0,20.0,0.0,1.0,0.4122,0.0203,0.0068,0.2854,0.0395,0.9597,1
-0.0758,1.6926,-1.0715,0.8579,0.8583,0.3321,0.01,0.0313,0.1201,0.199,3.0,35.0,2.0,0.0,0.0266,0.0023,0.0121,0.02,0.0013,0.9789,0
-3.1742,1.4561,0.861,2.7817,2.0632,0.2976,0.0261,0.0289,0.067,1.5716,2.0,35.0,0.0,0.0,0.0258,0.0467,0.0057,0.0129,0.0011,0.9969,0
-27.5175,3.3256,4.2976,2.3689,0.3436,0.2983,0.0247,0.1164,0.3495,7.7688,3.0,60.0,2.0,0.0,0.025,0.0568,0.1632,0.5687,0.0287,0.7965,1
3.4307,2.4264,14.9169,0.6803,0.7258,0.3053,0.0333,0.0495,0.1361,0.1,3.0,60.0,0.0,0.0,0.0013,0.0079,0.0508,0.2995,0.0693,0.9445,1
6.037,2.386,-9.14,1.0434,0.4622,0.296,0.0519,0.029,0.1453,1.3899,4.0,60.0,1.0,0.0,0.0549,0.0635,0.0252,0.136,0.009,0.9691,1
-2.7631,0.3,3.1217,0.7355,0.6443,0.2977,0.0345,0.0183,0.0485,1.1797,2.0,35.0,0.0,0.0,0.031,0.0164,0.0113,0.0243,0.0031,1.0,0
24.4991,5.6191,-1.237,2.1451,2.766,0.3102,0.0377,0.0751,0.2465,3.8025,3.0,60.0,1.0,0.0,0.0192,0.0434,0.3016,0.3953,0.009,0.8897,1
-0.0172,1.5569,-2.2654,2.6465,1.2445,0.22,0.0465,0.01,0.0576,0.5006,3.0,35.0,1.0,0.0,0.0256,0.0176,0.0163,0.0331,0.0075,0.9802,0
2.8358,2.1546,-7.167,2.9411,1.2435,0.3135,0.043,0.01,0.0394,0.2217,5.0,35.0,0.0,0.0,0.0165,0.0121,0.024,0.0039,0.0089,0.9818,0
0.7366,2.5586,-3.2279,1.091,1.412,0.3061,0.0205,0.0188,0.0521,0.9415,6.0,35.0,1.0,0.0,0.0168,0.0066,0.008,0.0352,0.0138,0.9714,1
-1.4707,1.7182,-1.0334,1.0813,0.5975,0.2846,0.0395,0.0547,0.1612,0.8016,5.0,35.0,0.0,0.0,0.0093,0.0201,0.0012,0.0276,0.0058,0.9874,0
0.2953,1.774,-3.6974,3.4961,1.8614,0.3116,0.0172,0.0278,0.0663,3.1176,4.0,35.0,2.0,0.0,0.0031,0.0158,0.0335,0.0083,0.0057,0.9658,0
14.0644,3.2346,-0.3131,2.4046,2.3733,0.2881,0.0231,0.01,0.0728,1.669,5.0,60.0,0.0,0.0,0.1463,0.0147,0.0909,0.1923,0.0153,0.9165,1
9.4188,0.9442,-28.7806,2.3258,0.9819,0.2927,0.0346,0.0428,0.0503,1.7908,3.0,60.0,2.0,0.0,0.024,0.6265,0.0889,0.268,0.0061,0.7891,1
-15.0,6.3683,-5.4443,2.6762,0.8001,0.2847,0.0355,0.0581,0.0935,6.0,3.0,35.0,0.0,0.0,0.0084,0.0105,0.0116,0.0472,0.0038,0.9782,0
5.987,5.1099,-3.1798,2.3168,1.2673,0.3178,0.0252,0.0569,0.1015,3.0973,4.0,35.0,0.0,0.0,0.0226,0.0007,0.0044,0.002,0.0072,0.9917,0
4.7954,1.5456,14.8829,2.1475,2.1099,0.3141,0.0287,0.0803,0.161,0.3831,3.0,60.0,0.0,0.0,0.0004,0.0155,0.0642,0.7909,0.0383,0.9623,1
2.7822,3.3491,6.1745,2.4705,1.2071,0.2804,0.0511,0.0836,0.1539,3.7173,1.0,20.0,0.0,0.0,0.0228,0.014,0.0231,0.0197,0.0007,0.9768,0
4.9964,3.0144,-10.5226,1.2204,0.6876,0.3005,0.0378,0.0191,0.0628,1.5935,3.0,35.0,0.0,0.0,0.0038,0.0103,0.0002,0.0411,0.0003,1.0,0
0.7338,2.8634,-4.9125,1.4751,0.6412,0.2999,0.0485,0.0364,0.0609,3.278,3.0,35.0,1.0,0.0,0.0479,0.0046,0.018,0.0051,0.0044,0.9804,0
-2.5971,1.7748,-25.85,6.7875,1.2579,0.2536,0.0603,0.0622,0.134,0.7504,4.0,60.0,2.0,0.0,0.0229,0.2067,0.0294,0.846,0.0122,0.8499,1
-9.2938,1.5299,-21.8348,5.0928,2.2307,0.2712,0.0446,0.0311,0.0371,2.0316,1.0,20.0,2.0,0.0,0.0361,0.374,0.0344,0.5272,0.0187,0.7804,1
15.0,2.3015,-6.354,2.1867,4.0,0.2848,0.0332,0.0686,0.1876,4.3396,5.0,35.0,0.0,0.0,0.0015,0.0274,0.0101,0.0052,0.0016,0.9678,0
-3.7096,1.4549,-7.6474,0.9867,0.504,0.2918,0.0329,0.0239,0.0937,0.3746,2.0,40.0,2.0,0.0,0.1504,0.0526,0.0927,0.1485,0.0041,0.9222,1
1.5069,1.6416,2.6096,1.5889,1.6321,0.3046,0.0435,0.0532,0.1304,1.538,6.0,35.0,0.0,0.0,0.0159,0.0171,0.0108,0.0335,0.0078,0.9981,0
-0.7901,1.1543,-1.6574,0.2966,0.536,0.318,0.0373,0.063,0.1297,0.5348,2.0,35.0,0.0,0.0,0.0368,0.0075,0.0033,0.01,0.0088,0.9903,0
-1.5754,2.9548,-8.1515,3.0359,1.4242,0.2832,0.063,0.0427,0.0844,1.7177,3.0,60.0,1.0,0.0,0.0374,0.1879,0.0723,0.04,0.0086,0.9267,1
-3.573,0.8804,-9.9487,1.4099,1.4354,0.2378,0.0508,0.0255,0.0466,0.5217,2.0,40.0,0.0,0.0,0.0898,0.0405,0.0364,0.1966,0.0207,0.9295,1
-1.6288,2.1005,1.7056,0.7667,0.5114,0.2676,0.0102,0.01,0.0526,0.8043,1.0,20.0,0.0,0.0,0.0176,0.0179,0.009,0.0174,0.0019,0.9935,0
23.5639,5.1516,0.6924,1.2745,3.4903,0.2744,0.01,0.0103,0.1344,6.2528,1.0,20.0,3.0,0.0,0.0236,0.025,0.1833,0.598,0.0086,0.9482,1
1.4565,1.1147,0.7861,1.0738,1.0651,0.2896,0.0215,0.0289,0.0424,0.3484,2.0,35.0,1.0,0.0,0.0006,0.0023,0.0182,0.0124,0.0054,0.9746,0
2.6789,3.0734,4.4961,0.2,1.1067,0.2769,0.037,0.0696,0.1388,2.9481,4.0,35.0,0.0,0.0,0.0278,0.0122,0.0079,0.0005,0.0035,0.969,0
-1.5867,2.7776,-9.3763,2.7351,0.2,0.2947,0.0366,0.0222,0.0412,3.5153,3.0,35.0,0.0,0.0,0.0106,0.0496,0.0215,0.0433,0.0072,0.9825,0
2.6062,1.6654,20.0162,1.2845,2.1926,0.2653,0.0392,0.035,0.1307,0.9527,1.0,20.0,1.0,0.0,0.0239,0.014,0.0088,0.6344,0.0038,0.9929,1
-7.0246,3.2373,-7.5677,4.2569,1.2823,0.3158,0.0457,0.0317,0.0742,4.0376,4.0,35.0,0.0,0.0,0.0188,0.0217,0.0232,0.0468,0.011,0.9974,0
-7.2723,1.6797,7.9301,2.3606,0.6819,0.2994,0.0403,0.0595,0.0784,2.3926,1.0,20.0,0.0,0.0,0.0027,0.0195,0.0102,0.0081,0.0001,0.983,0
-0.1932,1.3295,-4.258,2.1992,0.5083,0.3063,0.0476,0.0229,0.044,2.698,1.0,20.0,0.0,0.0,0.0283,0.0109,0.0088,0.0159,0.0058,0.9929,0
0.038,0.7202,-1.386,1.2116,0.2,0.3257,0.0298,0.064,0.0812,1.0414,4.0,35.0,0.0,0.0,0.0154,0.0047,0.0376,0.0139,0.0087,0.9702,0
34.2309,2.2625,-4.5136,3.3828,0.2769,0.2932,0.0406,0.01,0.087,5.9923,3.0,60.0,2.0,0.0,0.0231,0.0597,0.4468,0.3988,0.0046,0.9019,1
18.3677,4.0335,-2.3749,2.4094,3.0756,0.2759,0.0489,0.1257,0.377,4.1975,5.0,60.0,1.0,0.0,0.0056,0.0052,0.3418,0.3782,0.0052,0.8114,1
-26.3792,3.5353,-1.1392,0.2,1.2024,0.2434,0.0627,0.043,0.0783,4.7336,8.0,60.0,4.0,0.0,0.004,0.0054,0.2067,0.3679,0.0154,0.8164,1
-0.2984,4.2911,-23.5423,5.0873,0.2,0.2997,0.0373,0.0231,0.0625,2.6972,4.0,60.0,0.0,0.0,0.0326,0.4585,0.0638,0.1321,0.0345,0.8091,1
5.2044,3.0428,-21.9456,2.1023,1.4508,0.2608,0.0504,0.0579,0.1027,1.7158,3.0,60.0,1.0,0.0,0.0009,0.1698,0.0061,0.4743,0.0026,0.9455,1
0.201,2.5159,-9.6876,1.9709,1.3971,0.2749,0.0344,0.01,0.059,2.4572,1.0,20.0,1.0,0.0,0.001,0.0022,0.012,0.043,0.0001,0.9809,0
-30.6644,0.4946,-2.2626,0.2,3.0269,0.2681,0.0637,0.0728,0.1612,8.5996,2.0,40.0,4.0,0.0,0.0294,0.019,0.1095,0.7983,0.015,0.7728,1
0.5958,1.9465,-5.4233,0.6688,1.6094,0.2655,0.0723,0.0629,0.0852,0.9154,4.0,60.0,0.0,0.0,0.0425,0.1539,0.06,0.1201,0.0035,0.9066,1
-6.9619,4.8373,-17.3819,4.7822,2.1506,0.2732,0.0605,0.0485,0.0855,2.759,4.0,60.0,1.0,0.0,0.0279,0.5677,0.0102,0.3356,0.004,1.0,1
-6.6633,3.5128,3.6331,1.3137,1.3331,0.2833,0.01,0.1091,0.1748,1.211,1.0,20.0,0.0,0.0,0.0348,0.0325,0.0175,0.0023,0.0125,0.9867,0
2.8483,1.9289,6.7944,0.418,0.7504,0.295,0.0735,0.0286,0.0374,0.3556,5.0,35.0,0.0,0.0,0.0076,0.0214,0.0084,0.0241,0.0077,0.9735,0
0.6074,3.6513,18.0759,0.2,0.7678,0.2702,0.0516,0.0877,0.1227,0.4827,3.0,60.0,0.0,0.0,0.0011,0.015,0.0136,0.8299,0.0152,0.7583,1
-3.4756,1.6262,-5.7434,0.3138,0.5043,0.3338,0.0395,0.0449,0.0489,1.343,4.0,35.0,0.0,0.0,0.0177,0.0034,0.0094,0.0307,0.006,0.9776,0
-4.0024,2.2078,15.825,2.4564,1.5715,0.3362,0.0353,0.01,0.1179,0.5252,4.0,60.0,0.0,0.0,0.0727,0.0144,0.0415,0.113,0.0346,0.9333,1
-3.1363,1.9112,-20.8999,4.36,1.6573,0.2143,0.0414,0.01,0.0348,2.2976,2.0,40.0,2.0,0.0,0.0078,0.3567,0.0207,0.6954,0.0163,0.887,1
0.9093,1.5308,-1.3538,0.7141,0.6643,0.33,0.01,0.0359,0.0821,1.0373,3.0,35.0,0.0,0.0,0.0034,0.0368,0.0101,0.0139,0.0051,0.9853,0
-0.1455,0.5339,1.2667,0.2,0.255,0.3179,0.0124,0.0483,0.0648,1.9342,5.0,35.0,1.0,0.0,0.0383,0.0112,0.0001,0.0179,0.0022,0.9694,0
0.6228,1.4818,-0.1175,0.911,0.2,0.3016,0.0392,0.0328,0.0664,1.6709,2.0,35.0,0.0,0.0,0.0121,0.0034,0.011,0.0162,0.002,0.9827,0
-1.0793,0.674,-6.2404,2.7603,0.5181,0.2809,0.0352,0.0293,0.0699,1.5898,3.0,35.0,0.0,0.0,0.0234,0.0255,0.0085,0.0014,0.0025,0.9702,0
1.3338,2.4338,-7.2594,1.3771,2.2516,0.2903,0.0405,0.01,0.0403,2.3474,4.0,35.0,0.0,0.0,0.0125,0.0072,0.0132,0.0007,0.0007,0.9759,0
-14.772,5.7304,-16.4004,1.8816,2.9979,0.2389,0.0451,0.01,0.01,0.2775,1.0,20.0,1.0,0.0,0.0035,0.1427,0.0439,0.5098,0.0141,0.8938,1
1.0647,1.5153,-4.6037,1.4927,1.5217,0.3062,0.0372,0.0141,0.0354,1.8779,6.0,35.0,0.0,0.0,0.0053,0.01,0.0025,0.0321,0.0094,0.9732,0
-0.5302,2.4395,-1.1472,1.4872,2.2204,0.2524,0.0593,0.1889,0.4,1.6272,5.0,60.0,1.0,1.0,0.2042,0.0427,0.035,0.0367,0.1975,0.9518,1
3.223,1.1288,-8.124,3.2816,0.8077,0.3131,0.036,0.057,0.0819,2.2143,1.0,20.0,2.0,0.0,0.0407,0.0716,0.0127,0.174,0.0292,0.9696,1
6.1656,0.8001,-4.4241,2.0449,2.6686,0.2609,0.0541,0.0588,0.1527,0.588,3.0,35.0,0.0,0.0,0.0011,0.0266,0.011,0.0379,0.0123,0.9773,0
0.4109,0.7346,-2.6007,0.7505,1.2235,0.3681,0.0272,0.023,0.0395,1.2811,6.0,35.0,0.0,0.0,0.0257,0.0201,0.0199,0.0117,0.0059,0.9868,0
1.6194,1.4867,-9.6374,2.6298,1.2695,0.303,0.0284,0.025,0.1144,1.0809,5.0,35.0,0.0,0.0,0.0028,0.0093,0.0039,0.0081,0.0048,0.9567,0
-1.6363,0.3,-2.0662,2.0733,0.5636,0.3188,0.0143,0.0491,0.0873,0.8901,2.0,35.0,0.0,0.0,0.0157,0.0097,0.006,0.0192,0.0005,1.0,0
-4.2754,2.3297,-1.4185,0.4543,0.2,0.2905,0.0276,0.0916,0.1579,0.1,2.0,35.0,0.0,0.0,0.0138,0.0097,0.0087,0.0056,0.0005,0.9839,0
0.2415,0.8166,0.964,0.7846,0.3008,0.3046,0.0215,0.0449,0.0841,0.8883,2.0,35.0,1.0,0.0,0.0002,0.0085,0.0248,0.0302,0.0031,0.9535,0
4.43,2.2423,-5.7721,1.1197,0.2,0.2541,0.0251,0.0418,0.0428,0.9839,6.0,60.0,1.0,0.0,0.0213,0.0984,0.0474,0.2953,0.0067,0.9139,1
28.6216,8.2938,4.5147,1.0058,0.2,0.3049,0.0493,0.0236,0.1472,4.1457,5.0,60.0,2.0,0.0,0.0113,0.0334,0.1019,0.9302,0.0193,0.7798,1
0.1315,2.9558,-6.4528,2.4541,0.9917,0.3137,0.0389,0.0267,0.068,2.0539,1.0,20.0,0.0,0.0,0.0384,0.0033,0.0023,0.0026,0.0086,0.9867,0
3.6932,3.2905,-4.4522,1.2948,3.0263,0.1725,0.0498,0.0672,0.175,0.5028,2.0,40.0,0.0,1.0,0.2746,0.0059,0.0352,0.1293,0.1623,0.9345,1
-22.5645,4.5071,-0.2653,1.9763,2.7558,0.2983,0.0115,0.0991,0.1741,1.6668,2.0,40.0,4.0,0.0,0.012,0.0495,0.4111,0.5649,0.0125,0.821,1
-3.7372,2.0549,-7.1287,1.2415,0.8915,0.2938,0.0664,0.0365,0.0489,1.8223,5.0,35.0,2.0,0.0,0.0138,0.0182,0.0287,0.0278,0.0007,0.988,0
-12.5089,0.6859,-1.1215,1.366,2.1613,0.3072,0.0182,0.01,0.0377,4.2173,5.0,60.0,1.0,0.0,0.064,0.0734,0.0491,0.2173,0.0065,0.9698,1
1.6418,2.3257,-5.9262,3.9878,0.6943,0.286,0.0147,0.0469,0.1235,1.0511,5.0,60.0,0.0,0.0,0.0333,0.1904,0.025,0.0077,0.0174,0.946,1
4.7766,0.6767,-9.2596,1.3093,1.0672,0.2438,0.0212,0.0511,0.1108,1.8891,3.0,35.0,0.0,0.0,0.024,0.002,0.0077,0.0087,0.0017,0.9767,0
-1.4486,2.7258,15.29,6.3832,1.6662,0.2176,0.0133,0.066,0.1002,0.535,1.0,20.0,0.0,0.0,0.0358,0.0277,0.0006,0.7272,0.0038,0.935,1
-0.6383,0.804,-0.458,1.0146,0.547,0.345,0.044,0.0475,0.0987,1.4571,6.0,35.0,1.0,0.0,0.0012,0.0159,0.0163,0.0001,0.0036,0.9965,1
4.1455,3.6104,-3.4439,3.4323,1.3889,0.2877,0.0371,0.0367,0.0977,5.6892,3.0,35.0,1.0,0.0,0.0075,0.0008,0.0378,0.0008,0.0018,0.991,0
-5.9954,0.3733,-11.1258,2.4673,0.8858,0.2915,0.0345,0.0438,0.1124,2.4676,3.0,35.0,0.0,0.0,0.0224,0.022,0.011,0.0636,0.0028,0.9665,0
-6.699,1.4199,5.0621,3.4375,0.5072,0.2768,0.0405,0.01,0.0551,0.1,6.0,35.0,0.0,0.0,0.0348,0.0267,0.0035,0.0014,0.004,0.9784,0
-0.5808,2.7446,-3.0742,2.2297,1.1089,0.2835,0.0406,0.0288,0.0633,2.0659,3.0,35.0,0.0,0.0,0.0199,0.0041,0.0259,0.0493,0.0005,0.981,0
-6.6833,3.7931,9.2923,2.7845,0.2,0.2595,0.0435,0.0808,0.1504,1.5929,4.0,60.0,0.0,0.0,0.012,0.0197,0.0127,0.6355,0.031,0.8455,1
-2.4711,1.9508,-13.7382,2.0908,0.9354,0.2391,0.01,0.01,0.022,3.074,1.0,20.0,0.0,0.0,0.0518,0.0149,0.0073,0.1633,0.0051,0.9054,1
0.7025,1.0018,-3.5203,0.9042,0.5643,0.327,0.0336,0.0261,0.1031,1.7458,5.0,35.0,1.0,0.0,0.0024,0.0016,0.0175,0.0322,0.0049,0.9818,0
6.1335,2.0587,-0.05,3.4751,0.3023,0.2301,0.0515,0.0682,0.1406,0.4975,3.0,35.0,0.0,0.0,0.0019,0.0312,0.0005,0.0263,0.011,0.9857,0
-1.755,0.9697,-6.5065,2.2497,0.3025,0.2961,0.0228,0.0579,0.099,2.4982,2.0,35.0,0.0,0.0,0.0025,0.0422,0.0019,0.0262,0.0082,0.9862,0
3.158,2.6541,-3.8968,0.8999,0.7375,0.3108,0.0443,0.0633,0.1295,0.3551,1.0,20.0,0.0,0.0,0.0232,0.0088,0.0291,0.0016,0.001,0.97,0
-3.6138,1.7895,-4.9936,1.8447,0.8901,0.3221,0.0441,0.0338,0.0666,2.1974,4.0,35.0,0.0,0.0,0.0309,0.0068,0.0103,0.0204,0.0003,0.9812,0
2.9516,2.1259,-6.4297,1.1954,0.5532,0.2672,0.0302,0.0121,0.0467,4.1441,5.0,35.0,0.0,0.0,0.0087,0.0382,0.0152,0.0134,0.0021,0.9859,0
22.6471,4.726,-3.4466,2.8743,3.2001,0.2615,0.0481,0.1042,0.2168,4.5034,1.0,20.0,1.0,0.0,0.0029,0.0516,0.4441,0.9355,0.0104,0.8552,1
18.8504,1.8159,-5.6836,1.7557,0.7895,0.3019,0.0212,0.0337,0.061,4.2918,4.0,60.0,1.0,0.0,0.1127,0.1211,0.0572,0.1104,0.0028,0.9286,1
-1.866,2.7272,-11.5666,3.2984,0.5344,0.3326,0.0604,0.0381,0.1225,1.5996,5.0,60.0,0.0,0.0,0.0043,0.1826,0.0393,0.1423,0.0233,0.9511,1
2.9716,1.941,23.7259,3.9696,0.8556,0.2322,0.0316,0.0915,0.1759,2.2592,2.0,40.0,0.0,0.0,0.0272,0.0248,0.053,0.9091,0.0569,1.0,1
6.0808,2.6507,21.3578,3.7812,1.8957,0.3437,0.0104,0.0295,0.0566,0.7589,4.0,60.0,0.0,0.0,0.0451,0.0083,0.0196,0.5941,0.0536,0.843,1
10.9324,5.3649,-1.8776,1.8853,2.0379,0.2753,0.0187,0.0533,0.1392,6.0,2.0,35.0,0.0,0.0,0.0187,0.0298,0.003,0.0024,0.0056,0.9831,0
-0.8196,1.67,-3.941,0.3686,0.4672,0.3216,0.0186,0.0399,0.1004,1.3597,6.0,35.0,0.0,0.0,0.0083,0.0305,0.0039,0.0382,0.0129,0.9869,0
5.3385,2.8676,-3.7494,5.7963,3.8331,0.1844,0.0367,0.0981,0.2946,0.7001,0.0,0.0,0.0,1.0,0.3274,0.0252,0.0261,0.1371,0.0761,0.8209,1
-1.2634,2.4479,-3.6283,3.8528,1.5991,0.2943,0.0495,0.0193,0.0779,4.6726,5.0,35.0,0.0,0.0,0.005,0.0129,0.0131,0.0023,0.001,0.9621,0
3.3272,1.0739,2.0625,4.0305,1.3348,0.2965,0.0259,0.0601,0.151,2.6746,3.0,35.0,0.0,0.0,0.0351,0.0261,0.0022,0.0309,0.0065,0.992,0
-1.1869,2.3701,2.6288,2.4578,0.9018,0.2963,0.0252,0.0493,0.085,0.686,4.0,35.0,0.0,0.0,0.0217,0.0035,0.0141,0.031,0.0072,0.9676,0
-2.2969,4.2525,-5.5907,1.724,2.0201,0.2954,0.0391,0.0437,0.0835,6.0,2.0,35.0,0.0,0.0,0.0277,0.0172,0.008,0.0094,0.0102,0.9587,0
-12.63,2.4696,2.1154,1.2719,1.1395,0.2951,0.0577,0.0219,0.0894,1.1982,4.0,60.0,0.0,0.0,0.115,0.1727,0.0609,0.0087,0.0095,0.9409,1
11.112,3.642,1.1483,2.1853,1.4917,0.2838,0.0309,0.0334,0.0775,2.8323,3.0,60.0,1.0,0.0,0.0095,0.0039,0.0186,0.1907,0.0134,0.8965,1
-1.3054,0.6851,-4.3428,2.0246,0.5821,0.2781,0.0715,0.0262,0.0277,4.2925,4.0,35.0,0.0,0.0,0.004,0.0201,0.0075,0.0185,0.0139,0.9735,0
-4.4045,0.8521,-12.0493,3.1644,4.1473,0.1317,0.01,0.0714,0.204,1.4223,0.0,0.0,0.0,1.0,0.2447,0.0159,0.0297,0.0995,0.2474,0.9996,0
-3.4964,3.4236,-18.3812,3.447,1.5378,0.2669,0.0534,0.0593,0.1446,1.368,1.0,20.0,2.0,0.0,0.0271,0.5866,0.013,0.4304,0.004,0.8836,1
-1.1412,1.1902,-1.4949,1.0009,1.6823,0.3213,0.0302,0.0564,0.092,2.2384,5.0,35.0,1.0,0.0,0.0034,0.0083,0.0039,0.0144,0.0133,1.0,0
-0.2086,0.3403,-5.3046,0.5976,0.8829,0.3114,0.0228,0.0435,0.0771,1.2827,6.0,35.0,1.0,0.0,0.0095,0.0224,0.0181,0.003,0.0091,1.0,0
2.1407,2.4233,-5.4855,2.5555,1.2167,0.3133,0.01,0.0138,0.076,2.427,3.0,35.0,0.0,0.0,0.006,0.0184,0.0011,0.0205,0.0062,0.9859,0
-0.1237,3.2273,-5.6347,1.6195,1.3695,0.2891,0.0344,0.0821,0.1685,0.8318,5.0,35.0,0.0,0.0,0.0039,0.027,0.026,0.0329,0.0017,0.9723,0
2.3862,0.5023,-23.9095,3.0576,2.4199,0.2984,0.0444,0.0475,0.0722,1.0795,1.0,20.0,2.0,0.0,0.0061,0.4712,0.0307,0.8283,0.0166,0.8182,1
15.0,6.3464,-3.4154,1.2757,1.6328,0.273,0.0263,0.0677,0.2145,4.7893,2.0,35.0,0.0,0.0,0.0279,0.0009,0.0087,0.0203,0.0011,0.9897,0
-3.9441,1.6805,4.4288,2.7061,2.5496,0.2598,0.0322,0.0796,0.1832,2.0238,1.0,20.0,0.0,0.0,0.0152,0.0,0.0546,0.5848,0.0345,0.8257,1
2.4398,2.4872,-15.1409,1.1667,1.8266,0.3057,0.01,0.0494,0.0744,0.1,6.0,60.0,1.0,0.0,0.0708,0.0005,0.0039,0.0073,0.0242,0.9007,1
-0.6779,4.463,2.0802,2.5869,0.2,0.3086,0.0571,0.0394,0.0548,1.7613,4.0,35.0,1.0,0.0,0.0402,0.0043,0.0014,0.0033,0.006,0.9872,0
-0.3083,1.1079,-0.3599,0.8863,0.783,0.3201,0.0355,0.0577,0.1141,1.1654,3.0,35.0,0.0,0.0,0.0137,0.0078,0.0102,0.0103,0.0083,0.9827,1
2.1132,1.983,0.7883,0.8749,1.4697,0.292,0.0199,0.01,0.0414,1.097,4.0,35.0,0.0,0.0,0.0079,0.0041,0.0063,0.0155,0.0001,0.9684,1
1.2543,1.3251,-3.5135,1.667,0.7999,0.3378,0.0239,0.018,0.0814,1.2387,2.0,35.0,0.0,0.0,0.0241,0.0283,0.0025,0.0319,0.0027,0.9709,0
0.5826,1.9096,-26.9521,2.2041,1.2871,0.3172,0.0252,0.0189,0.0932,3.5415,4.0,60.0,3.0,0.0,0.0238,0.5811,0.0089,0.7798,0.0091,0.8557,1
-0.8603,1.0197,14.9482,2.659,1.4344,0.3384,0.0421,0.01,0.1284,1.1931,6.0,60.0,0.0,0.0,0.0243,0.0188,0.0416,0.5499,0.0173,1.0,0
0.135,3.1006,-0.6564,2.7715,1.7867,0.2646,0.0303,0.0529,0.4165,2.3582,7.0,60.0,0.0,1.0,0.1408,0.0377,0.0295,0.0883,0.08,0.8787,1
16.6134,5.093,1.19,0.565,1.5171,0.2908,0.0305,0.0325,0.1048,2.4706,6.0,60.0,0.0,0.0,0.0488,0.1457,0.0643,0.168,0.0087,0.99,1
0.3938,1.7357,-0.9685,0.2,3.1125,0.1414,0.0431,0.01,0.1134,1.2576,0.0,0.0,0.0,0.0,0.4197,0.0286,0.0364,0.0294,0.0237,0.9858,1
-4.7154,0.5658,-4.966,4.7111,4.1615,0.2196,0.0158,0.0241,0.092,0.4257,0.0,0.0,0.0,0.0,0.3628,0.0365,0.012,0.1446,0.088,0.892,1
-5.04,2.3767,7.3529,1.6045,0.8666,0.3139,0.0297,0.0555,0.1167,1.3905,3.0,35.0,1.0,0.0,0.0191,0.0264,0.0008,0.0419,0.0082,0.9575,0
3.7966,0.3942,-6.15,1.6529,1.4604,0.294,0.0428,0.0376,0.0948,3.0979,4.0,60.0,2.0,0.0,0.0776,0.0414,0.0358,0.191,0.0024,0.9738,1
-3.603,2.4094,-26.3855,1.7913,1.2002,0.3056,0.0523,0.0726,0.1524,4.7482,6.0,60.0,1.0,0.0,0.0486,0.6348,0.0235,0.49,0.0201,0.9972,1
-5.0569,0.8486,-13.0056,2.0792,1.2207,0.2721,0.0158,0.0428,0.0961,1.2998,6.0,60.0,1.0,0.0,0.0515,0.0691,0.0904,0.1636,0.0074,0.9291,1
3.5081,1.5228,-0.733,0.7418,0.3968,0.3422,0.0235,0.0473,0.0807,0.6104,4.0,35.0,0.0,0.0,0.0081,0.0373,0.0037,0.0386,0.0092,0.9611,0
-15.0,1.4683,-4.8751,0.6486,1.6753,0.339,0.011,0.0444,0.1769,5.4982,3.0,35.0,0.0,0.0,0.0073,0.006,0.0124,0.0421,0.0019,0.9772,0
-32.0583,7.9719,-0.2315,0.9898,0.7439,0.2794,0.071,0.0731,0.2479,0.9019,4.0,60.0,3.0,0.0,0.0335,0.0387,0.0528,0.4049,0.0199,0.8657,1
-0.4718,0.9559,-2.0695,1.1475,0.2508,0.3456,0.0183,0.0408,0.0554,1.4013,5.0,35.0,0.0,0.0,0.0049,0.0137,0.0018,0.0149,0.0101,0.992,0
-5.4057,6.6957,12.0664,5.6261,0.9476,0.1152,0.07,0.0267,0.0527,2.2744,0.0,0.0,0.0,0.0,0.0992,0.0168,0.0278,0.3553,0.0088,0.4971,0
11.0723,3.0023,-4.3033,2.6563,1.4025,0.2971,0.0438,0.0326,0.0401,4.5838,4.0,60.0,0.0,0.0,0.0278,0.1409,0.0825,0.0587,0.0157,0.9575,1
-2.1016,1.1279,-5.7822,2.7112,0.9368,0.3241,0.0518,0.0354,0.0731,1.6376,2.0,40.0,2.0,0.0,0.0097,0.1695,0.0776,0.0956,0.0281,0.9032,1
2.1446,1.3077,-2.9957,0.5655,1.9495,0.2754,0.0453,0.058,0.1178,0.9392,3.0,60.0,1.0,0.0,0.0182,0.1331,0.0621,0.2275,0.0158,0.8973,1
0.4098,9.1457,-3.4403,6.6566,2.8363,0.2495,0.0803,0.0422,0.1215,5.0829,2.0,40.0,3.0,0.0,0.1308,0.044,0.0167,0.255,0.0093,0.4743,1
6.8676,1.0337,7.382,1.3245,1.6853,0.3022,0.0583,0.0269,0.0964,1.9028,2.0,40.0,0.0,0.0,0.025,0.0552,0.0598,0.4003,0.0366,1.0,1
1.3346,1.9617,-0.96,2.8731,0.2607,0.2554,0.0192,0.0206,0.0795,2.4894,5.0,35.0,0.0,0.0,0.0245,0.0208,0.0102,0.0465,0.0055,0.9859,0
-11.3517,2.3525,-2.0663,4.7957,2.5952,0.2489,0.01,0.0497,0.079,1.2753,0.0,0.0,0.0,1.0,0.3516,0.0552,0.0125,0.1954,0.0631,0.8303,1
-1.7035,2.2743,-0.5155,2.0243,0.459,0.3195,0.0363,0.0305,0.0574,2.7876,4.0,35.0,1.0,0.0,0.0023,0.0083,0.0043,0.0175,0.0003,0.9799,0
1.0998,0.8065,-1.182,1.1527,0.2,0.2878,0.0341,0.02,0.0477,1.0999,3.0,35.0,0.0,0.0,0.0092,0.013,0.003,0.0239,0.0105,0.9715,0
-0.0997,0.3766,-3.3355,1.5116,1.4693,0.2982,0.0142,0.0563,0.0649,1.1511,3.0,35.0,0.0,0.0,0.0203,0.0003,0.0073,0.0197,0.0057,0.9815,0
1.0025,1.5219,-0.8876,0.9626,1.0134,0.3229,0.039,0.0393,0.067,0.7017,2.0,35.0,1.0,0.0,0.0039,0.002,0.0132,0.0181,0.0065,1.0,0
0.3538,0.9708,13.2201,3.1344,2.176,0.2628,0.0188,0.0783,0.1912,0.3815,4.0,60.0,0.0,0.0,0.0211,0.0029,0.0178,0.97,0.0189,0.8774,1
-1.9036,2.0161,-2.6247,1.6487,2.0178,0.2205,0.08,0.0564,0.1211,0.6273,4.0,35.0,1.0,0.0,0.01,0.0377,0.0131,0.0293,0.0045,0.9803,0
-1.1458,5.8104,-25.369,3.2111,1.2689,0.2932,0.046,0.0552,0.0661,2.7498,1.0,20.0,1.0,0.0,0.0338,0.326,0.0647,0.4293,0.0317,0.8855,1
-3.8,2.5852,-5.8897,1.8552,3.6582,0.2308,0.0163,0.138,0.4,6.4945,7.0,60.0,0.0,1.0,0.0871,0.0397,0.0036,0.0171,0.2143,0.8954,1
-1.7777,2.9288,15.5645,1.3125,1.8273,0.3244,0.0296,0.043,0.1436,0.8567,5.0,60.0,0.0,0.0,0.0066,0.0019,0.0228,0.5506,0.0065,0.9077,1
0.9465,1.015,-33.8863,2.6438,0.2673,0.2878,0.0111,0.019,0.0374,4.4752,1.0,20.0,1.0,0.0,0.0158,0.3829,0.0826,0.5595,0.0028,0.8773,1
-0.9058,2.7352,-5.6822,1.2074,1.032,0.3397,0.0378,0.0619,0.1378,0.5327,4.0,35.0,1.0,0.0,0.0043,0.0013,0.002,0.0355,0.0047,0.9752,0
8.0709,1.4306,-6.3056,1.6252,1.6389,0.2925,0.0191,0.0406,0.053,3.2501,6.0,35.0,0.0,0.0,0.0196,0.0231,0.0271,0.0442,0.0072,0.9936,0
-1.2203,1.6507,2.0351,4.0767,1.4292,0.3086,0.0555,0.0548,0.107,1.6037,3.0,35.0,0.0,0.0,0.0209,0.0108,0.0173,0.0184,0.0054,0.95,0
4.8839,1.7606,-20.3813,4.6053,0.7831,0.2191,0.0196,0.0639,0.0853,1.3024,1.0,20.0,1.0,0.0,0.001,0.2534,0.0168,0.4459,0.0212,0.8853,0
-1.5659,1.2529,-9.5225,3.4919,0.9126,0.2751,0.0176,0.017,0.0579,3.781,3.0,35.0,0.0,0.0,0.0072,0.0077,0.0078,0.0075,0.0061,0.981,0
3.1892,1.8785,-34.1251,0.9067,1.1788,0.2838,0.0265,0.0259,0.0281,0.834,3.0,60.0,1.0,0.0,0.0127,0.2416,0.001,0.509,0.0128,0.8669,1
-3.7366,0.4103,-7.2029,0.4648,1.7123,0.3081,0.0559,0.0174,0.0566,0.7004,4.0,60.0,2.0,0.0,0.0366,0.2231,0.1342,0.092,0.0062,0.9392,1
0.9918,1.6612,9.7268,3.7698,1.4569,0.308,0.0391,0.058,0.084,1.417,4.0,60.0,0.0,0.0,0.049,0.0345,0.0181,0.4546,0.0645,1.0,1
1.7511,2.8104,14.9491,0.6872,1.7396,0.3301,0.0389,0.0518,0.1344,0.8214,4.0,60.0,1.0,0.0,0.0089,0.0423,0.0971,0.6656,0.0397,0.8482,1
-6.7965,1.9962,-1.7704,1.3353,0.6583,0.3162,0.0418,0.0243,0.1107,0.3662,4.0,35.0,0.0,0.0,0.0045,0.0176,0.0152,0.0467,0.0046,0.9846,0
24.5881,7.2218,-7.2069,0.2577,4.72,0.2768,0.0597,0.0537,0.2827,3.7141,1.0,20.0,3.0,0.0,0.0389,0.0492,0.3239,0.2002,0.0007,0.7798,1
-29.6001,8.7559,-5.3499,4.5636,5.1458,0.2891,0.0292,0.1451,0.3587,5.2459,6.0,60.0,4.0,0.0,0.0133,0.0375,0.4538,0.5557,0.0039,0.7562,1
-2.8619,5.8737,-1.217,3.7872,2.5083,0.2715,0.01,0.0178,0.0661,6.0,3.0,35.0,0.0,0.0,0.0034,0.0199,0.0236,0.0413,0.008,0.9579,0
-4.7609,4.0823,-26.9604,4.652,1.4206,0.3032,0.036,0.0665,0.0884,3.3584,1.0,20.0,1.0,0.0,0.0091,0.2691,0.0032,0.3719,0.008,0.838,1
6.0026,1.1409,-4.9586,4.3723,3.6777,0.1641,0.0508,0.0379,0.053,1.2874,1.0,20.0,0.0,0.0,0.4746,0.0105,0.0481,0.3495,0.2236,0.9854,1
1.1704,1.8881,19.2479,3.1249,0.9688,0.2787,0.0222,0.0674,0.0995,1.1259,1.0,20.0,0.0,0.0,0.0403,0.0132,0.0232,0.5842,0.0218,0.8902,1
-34.2752,3.1558,-5.9903,3.2803,3.5834,0.2832,0.0574,0.1119,0.4138,7.1988,7.0,60.0,3.0,0.0,0.048,0.0726,0.3243,0.4123,0.0049,0.8915,1
3.8523,2.524,18.5403,3.081,0.2872,0.3069,0.0209,0.0211,0.1011,2.3268,5.0,60.0,0.0,0.0,0.0291,0.0157,0.0029,0.4907,0.0382,1.0,1
-1.3677,0.3,1.1141,0.6521,1.0588,0.3376,0.0306,0.0392,0.0669,2.1147,4.0,35.0,0.0,0.0,0.0003,0.004,0.0148,0.0244,0.0011,0.9584,0
3.2278,1.6166,-3.9538,2.3654,1.8785,0.22,0.0484,0.0896,0.1831,1.9147,5.0,35.0,0.0,0.0,0.0308,0.0047,0.0251,0.0287,0.0049,0.9667,1
2.445,2.5164,-3.8616,0.8182,0.4886,0.3229,0.0323,0.0385,0.1273,1.824,2.0,35.0,0.0,0.0,0.0202,0.0256,0.0155,0.0579,0.0132,0.9866,1
5.7035,1.7789,-13.3238,2.0951,1.2685,0.2895,0.0178,0.0607,0.1485,0.352,2.0,40.0,0.0,0.0,0.0335,0.1421,0.1236,0.0895,0.0258,0.906,1
1.7159,0.8289,-2.8304,0.2,1.3768,0.2998,0.0306,0.0338,0.1182,0.77,3.0,35.0,0.0,0.0,0.0032,0.0359,0.0011,0.0354,0.0068,0.9989,0
3.2057,1.9838,18.6516,1.1765,2.0189,0.2947,0.0231,0.039,0.1186,1.6193,2.0,40.0,0.0,0.0,0.0402,0.0348,0.0596,0.9485,0.0107,1.0,1
-15.0,7.0175,-5.8666,2.2635,2.2781,0.3192,0.0188,0.0366,0.1719,4.9274,5.0,35.0,0.0,0.0,0.0043,0.0075,0.0014,0.0135,0.0024,1.0,0
3.4538,1.1827,-9.7551,0.2,1.4366,0.3059,0.0297,0.0135,0.0835,1.755,1.0,20.0,1.0,0.0,0.1182,0.2071,0.0011,0.0333,0.0059,0.9655,1
-1.7,1.0327,-0.8651,1.215,0.5959,0.3025,0.0419,0.0662,0.109,0.5459,6.0,35.0,0.0,0.0,0.005,0.0004,0.0016,0.0144,0.0007,0.9802,0
26.1723,5.5222,-5.1985,2.4381,4.6641,0.3299,0.0249,0.131,0.3419,6.9,4.0,60.0,1.0,0.0,0.0119,0.055,0.1328,0.3418,0.0131,0.771,1
-2.2297,2.1699,15.0682,2.5489,2.3185,0.2939,0.0437,0.01,0.0801,0.1,1.0,20.0,0.0,0.0,0.0625,0.0022,0.0103,0.3384,0.0251,0.9595,1
0.7461,1.9067,-2.8456,1.1633,1.377,0.3413,0.0286,0.0448,0.0972,0.2106,3.0,35.0,1.0,0.0,0.0012,0.0417,0.0217,0.028,0.0078,0.9662,1
-3.3814,3.7459,4.5623,2.0044,1.6123,0.3055,0.039,0.0235,0.0754,2.4233,3.0,35.0,1.0,0.0,0.0158,0.0032,0.0032,0.0169,0.0024,0.985,0
33.3009,4.3964,-6.036,2.2811,1.0718,0.2924,0.0319,0.1145,0.1233,5.019,7.0,60.0,4.0,0.0,0.0396,0.0402,0.0509,0.5833,0.0141,0.7422,1
0.739,1.2185,15.3722,2.0915,1.3782,0.3615,0.0246,0.01,0.0926,1.8064,1.0,20.0,0.0,0.0,0.0431,0.0305,0.0299,0.5539,0.0012,0.708,1
3.2991,2.2916,-9.5934,1.3008,0.5274,0.2268,0.0485,0.0371,0.0751,0.1,3.0,60.0,0.0,0.0,0.0203,0.1266,0.0549,0.0111,0.003,0.911,1
2.0599,2.6751,-28.4513,4.7911,2.2331,0.2935,0.035,0.0475,0.0817,5.7518,2.0,40.0,0.0,0.0,0.0424,0.5442,0.0294,0.7829,0.0168,0.9384,1
14.0194,3.6421,-1.6991,2.5552,1.5331,0.3182,0.0372,0.0672,0.1421,5.6214,3.0,60.0,1.0,0.0,0.009,0.1758,0.0523,0.1949,0.0268,0.974,1
1.1488,1.3,7.7931,0.2992,1.4855,0.2745,0.0324,0.0541,0.1218,2.0293,4.0,35.0,0.0,0.0,0.0075,0.0105,0.012,0.0187,0.0086,0.9814,0
-1.8282,0.4371,-2.6457,1.7608,1.2067,0.2926,0.0175,0.0404,0.1153,1.6239,4.0,35.0,1.0,0.0,0.0011,0.0067,0.0263,0.0161,0.0013,0.97,0
-4.1038,2.5893,-5.1638,2.1216,0.3559,0.294,0.0238,0.0348,0.0781,3.4505,3.0,35.0,0.0,0.0,0.0249,0.004,0.0011,0.0191,0.0065,0.972,0
1.6639,3.1959,4.5101,0.2,1.6562,0.2384,0.0452,0.0428,0.0819,4.3754,0.0,0.0,2.0,0.0,0.0058,0.0109,0.0665,0.1996,0.0069,0.5851,1
2.0055,0.8832,-5.2197,1.7789,0.2,0.3084,0.01,0.042,0.1176,1.7235,5.0,35.0,2.0,0.0,0.0078,0.0521,0.0121,0.039,0.0019,1.0,0
-3.1451,2.3097,15.7139,1.234,2.3423,0.2326,0.035,0.01,0.0988,0.788,4.0,60.0,0.0,0.0,0.0698,0.0173,0.0564,0.4163,0.0275,0.9334,1
1.3657,1.5051,-4.091,1.1342,0.7647,0.3026,0.0274,0.072,0.1388,1.2636,5.0,35.0,0.0,0.0,0.0276,0.0155,0.0089,0.029,0.0029,0.9631,0
14.5857,2.0179,4.5875,2.5805,1.2024,0.348,0.0381,0.0398,0.1582,3.9885,4.0,60.0,0.0,0.0,0.0625,0.0671,0.1076,0.0088,0.0237,0.9237,1
-6.6547,1.9884,-5.7867,1.367,1.2298,0.3343,0.0101,0.022,0.0371,2.5861,3.0,35.0,0.0,0.0,0.0203,0.0345,0.0366,0.0052,0.0041,0.9884,0
-0.5005,2.0467,-8.6829,1.2623,1.1443,0.2933,0.0216,0.01,0.1004,0.9239,4.0,35.0,0.0,0.0,0.0327,0.0077,0.0046,0.0235,0.0114,0.9774,0
-0.7107,1.0193,17.2408,3.65,1.4984,0.263,0.01,0.023,0.1251,1.7703,1.0,20.0,0.0,0.0,0.0509,0.0172,0.0581,0.5286,0.0296,0.8742,1
-2.5392,3.7441,-5.6413,1.4967,0.8204,0.274,0.0515,0.0196,0.0702,4.1273,3.0,35.0,0.0,0.0,0.0055,0.0467,0.0194,0.0161,0.0011,0.9783,0
-4.5716,0.7304,0.5328,0.7931,0.8382,0.2896,0.033,0.0217,0.0619,0.9443,2.0,35.0,0.0,0.0,0.0245,0.016,0.0205,0.0265,0.0057,0.9541,0
-4.719,0.9475,-2.0171,2.7547,0.9356,0.2898,0.0373,0.0173,0.0634,1.6225,2.0,35.0,0.0,0.0,0.0044,0.0093,0.0124,0.0538,0.001,0.9741,0
-7.4023,0.7907,-15.0521,1.7455,2.1917,0.2814,0.0125,0.0552,0.0929,0.384,1.0,20.0,0.0,0.0,0.0281,0.3629,0.029,0.4637,0.0006,0.7582,1
-6.6226,1.7372,-1.4657,1.3758,1.3501,0.281,0.0316,0.0406,0.0674,2.7046,3.0,35.0,1.0,0.0,0.0135,0.0108,0.0256,0.0332,0.0015,0.9787,1
1.4973,0.3077,-5.5112,1.6872,1.414,0.3214,0.01,0.0297,0.0921,2.276,5.0,35.0,0.0,0.0,0.0151,0.0059,0.0022,0.0024,0.0085,0.9803,1
7.1382,2.6274,26.9022,2.7412,1.6813,0.3433,0.0278,0.0574,0.0943,2.3902,3.0,60.0,0.0,0.0,0.0572,0.0036,0.0135,0.6717,0.0209,0.9357,1
-0.5257,1.6475,-5.0037,1.5947,1.5027,0.3167,0.0274,0.0228,0.0512,2.1278,1.0,20.0,0.0,0.0,0.0229,0.0145,0.0263,0.014,0.0032,0.9739,0
3.8674,2.6564,-6.4386,4.1293,0.2,0.2896,0.0119,0.0362,0.0539,3.0197,3.0,35.0,0.0,0.0,0.0158,0.006,0.0009,0.076,0.0026,0.9467,0
2.4362,2.461,-19.701,0.889,2.4097,0.1512,0.023,0.099,0.1519,0.5954,2.0,40.0,0.0,0.0,0.432,0.0052,0.0211,0.1086,0.0549,0.8801,1
0.3026,1.6398,7.4374,2.7412,0.8155,0.3085,0.059,0.0221,0.0514,1.7888,4.0,35.0,0.0,0.0,0.0053,0.0051,0.0138,0.0427,0.0026,1.0,0
1.7678,0.926,-5.4139,1.1357,0.534,0.2791,0.0282,0.0421,0.1302,2.2494,5.0,35.0,1.0,0.0,0.015,0.0084,0.0115,0.0319,0.0123,0.9903,0
-9.1751,5.3644,-29.9668,3.7301,2.2454,0.3452,0.0217,0.0186,0.0558,1.1175,1.0,20.0,3.0,0.0,0.0116,0.5181,0.0488,0.7772,0.0016,0.9086,1
1.9886,3.1735,-4.4569,1.2032,1.1998,0.287,0.0221,0.0388,0.1036,2.5255,4.0,35.0,1.0,0.0,0.0136,0.049,0.0157,0.0152,0.0088,0.9857,0
-3.163,0.3996,-2.2664,1.1329,0.5214,0.3083,0.0232,0.0264,0.0961,1.4115,3.0,35.0,2.0,0.0,0.0174,0.0045,0.0126,0.0307,0.0016,0.9642,0
0.7014,1.0337,-0.2636,1.8797,1.2421,0.3109,0.0228,0.0438,0.1221,2.3195,3.0,35.0,0.0,0.0,0.0096,0.0248,0.0022,0.0357,0.0007,0.9955,0
1.0796,1.0403,-0.1762,1.4842,0.8603,0.296,0.0382,0.0441,0.0715,1.4547,4.0,35.0,0.0,0.0,0.0173,0.0114,0.0203,0.0448,0.0087,0.9712,0
2.3524,1.102,-7.2981,2.0387,0.2,0.3067,0.0259,0.0446,0.0626,1.7571,1.0,20.0,0.0,0.0,0.0077,0.0249,0.003,0.0225,0.0031,0.961,0
-3.224,1.1423,-6.3875,1.4945,3.7237,0.2019,0.0147,0.0545,0.1268,1.375,0.0,0.0,0.0,0.0,0.3957,0.0018,0.007,0.0656,0.2075,0.9615,1
3.3556,1.2359,-5.3302,0.6782,1.062,0.2819,0.028,0.0666,0.1253,1.4403,3.0,35.0,0.0,0.0,0.0029,0.0071,0.0127,0.039,0.0055,1.0,0
-12.0993,5.8253,-4.2895,2.0134,2.9041,0.3012,0.0474,0.0868,0.1878,5.8568,1.0,20.0,0.0,0.0,0.0073,0.0352,0.0193,0.0074,0.0069,0.9825,0
3.4919,1.856,-2.9223,1.1029,0.9323,0.325,0.0361,0.0334,0.0931,1.884,2.0,35.0,0.0,0.0,0.0224,0.0172,0.0166,0.035,0.003,0.9846,0
-0.4511,2.288,-15.015,2.7087,0.8406,0.2781,0.01,0.0346,0.1,2.1416,4.0,60.0,0.0,0.0,0.057,0.0114,0.0498,0.0807,0.0012,0.9726,1
3.0521,0.7986,1.2801,0.2,0.9739,0.3195,0.022,0.0485,0.1369,0.2735,4.0,35.0,0.0,0.0,0.0045,0.0344,0.0042,0.0035,0.004,1.0,0
0.2334,3.1023,0.3804,2.2587,1.3225,0.2872,0.0145,0.0271,0.0398,1.3749,4.0,35.0,0.0,0.0,0.0207,0.0145,0.0285,0.0305,0.0106,0.986,0
2.3404,1.2806,-0.8408,1.277,0.4415,0.3206,0.01,0.0431,0.0519,1.9021,3.0,35.0,0.0,0.0,0.0006,0.0057,0.0242,0.0298,0.0114,0.9851,0
0.0691,2.1308,18.7996,0.8971,0.2,0.3053,0.0353,0.0446,0.1057,1.703,2.0,40.0,0.0,0.0,0.0324,0.0044,0.0254,0.536,0.0527,0.8762,1
0.25,1.8912,6.0989,0.69,0.2,0.2957,0.047,0.053,0.15,2.2374,3.0,35.0,0.0,0.0,0.0064,0.0254,0.0061,0.0206,0.0071,0.9648,0
7.0826,2.0068,2.4299,1.6426,1.0918,0.3275,0.01,0.0807,0.0979,1.5333,3.0,35.0,0.0,0.0,0.014,0.0169,0.0302,0.0073,0.0059,0.9701,0
1.1581,1.4803,1.6059,0.6675,0.2707,0.3186,0.0215,0.0174,0.0558,0.633,1.0,20.0,0.0,0.0,0.007,0.0135,0.0034,0.0422,0.013,0.9902,0
3.784,3.1467,-0.3857,4.0623,1.9565,0.2591,0.0212,0.1865,0.4467,3.0197,3.0,60.0,2.0,1.0,0.214,0.031,0.0251,0.1788,0.1886,0.9067,1
-8.8358,2.3315,-3.8922,1.5103,0.8704,0.2907,0.0324,0.0455,0.1228,6.2821,3.0,60.0,0.0,0.0,0.0319,0.0034,0.0442,0.1571,0.0149,0.9685,0
6.3334,1.4939,-6.1542,1.9998,2.3284,0.2844,0.075,0.0488,0.1242,3.7003,2.0,40.0,1.0,0.0,0.0454,0.1121,0.0533,0.1658,0.0153,0.9327,1
3.1787,1.4447,-1.886,3.2642,1.864,0.2906,0.0107,0.0224,0.0666,2.5699,3.0,35.0,0.0,0.0,0.0171,0.0396,0.0146,0.0322,0.0079,0.986,0
10.773,2.0826,17.9854,0.5317,0.8381,0.3156,0.01,0.0665,0.0975,0.1729,1.0,20.0,1.0,0.0,0.04,0.0018,0.0533,0.7325,0.0124,0.9767,1
-3.8086,1.6443,-1.3286,0.3311,0.7184,0.3243,0.01,0.0667,0.1273,2.0734,3.0,35.0,0.0,0.0,0.018,0.0088,0.0103,0.0418,0.0088,1.0,0
4.5748,2.2988,-14.2512,3.0922,1.0548,0.3078,0.0538,0.0204,0.1179,1.9258,3.0,60.0,1.0,0.0,0.0004,0.0984,0.0403,0.0449,0.0035,0.9841,1
-1.5064,1.0227,-0.5843,0.8007,0.3888,0.3043,0.0371,0.0337,0.0859,0.4607,1.0,20.0,0.0,0.0,0.003,0.0152,0.0429,0.0339,0.0187,0.9885,0
-0.4619,1.6177,2.6979,1.5633,0.6193,0.2979,0.0507,0.0309,0.0712,0.9855,4.0,35.0,0.0,0.0,0.0014,0.0018,0.0097,0.0091,0.0014,0.9816,0
4.1116,2.6952,-4.1487,1.5121,0.5766,0.325,0.0417,0.0294,0.0611,0.1,2.0,35.0,2.0,0.0,0.0092,0.0128,0.0201,0.0051,0.0059,0.9941,0
1.083,2.3152,-6.8724,0.9357,0.7493,0.3057,0.0233,0.0344,0.0697,3.0167,2.0,35.0,0.0,0.0,0.0004,0.0131,0.0083,0.0507,0.0023,0.9818,0
-1.0222,2.9471,12.3686,2.2523,0.8074,0.3242,0.0322,0.0417,0.0957,0.983,1.0,20.0,1.0,0.0,0.0631,0.0208,0.028,0.3307,0.0545,1.0,1
23.3524,3.623,-2.2005,4.015,3.8426,0.3112,0.0497,0.061,0.3006,0.2077,4.0,60.0,4.0,0.0,0.0182,0.0083,0.3433,0.3985,0.0151,0.9446,1
-3.8779,1.8404,-19.5505,1.8847,2.464,0.3359,0.01,0.053,0.0648,0.1,3.0,60.0,0.0,0.0,0.0252,0.5562,0.0194,0.6315,0.013,0.8831,1
-3.532,1.8202,-3.7222,1.2092,0.2,0.3038,0.0412,0.0682,0.1398,0.4316,5.0,35.0,1.0,0.0,0.0082,0.0204,0.0195,0.0082,0.0067,0.981,0
-3.6325,0.3,0.4714,0.7149,0.831,0.3223,0.0233,0.0286,0.0512,0.9905,3.0,35.0,0.0,0.0,0.0051,0.0066,0.0192,0.0174,0.0101,1.0,0
-17.6083,2.5461,-0.1046,0.2,1.7246,0.3151,0.0438,0.0551,0.0778,4.6772,5.0,60.0,4.0,0.0,0.0557,0.0104,0.1129,0.612,0.0121,0.8495,1
-1.5184,1.4382,-1.9354,1.4509,0.2,0.3313,0.0325,0.0677,0.131,2.3811,4.0,35.0,1.0,0.0,0.0178,0.0085,0.0327,0.0378,0.0079,0.9609,0
-25.1408,5.8452,-8.1883,3.854,2.7125,0.3628,0.0319,0.1693,0.379,0.878,1.0,20.0,3.0,0.0,0.015,0.0031,0.0634,0.9777,0.021,0.8161,1
-24.744,5.34,-5.4884,4.0807,2.1966,0.3129,0.012,0.0525,0.2712,7.6206,1.0,20.0,3.0,0.0,0.0266,0.0088,0.4143,0.2339,0.0007,0.9099,1
4.2203,2.8198,16.1916,3.2022,2.432,0.2822,0.0399,0.1023,0.188,0.8221,6.0,60.0,0.0,0.0,0.072,0.0116,0.062,0.4298,0.0265,0.8515,1
16.0066,3.5934,-6.2768,3.2042,4.2948,0.2791,0.0281,0.0634,0.1248,1.1338,1.0,20.0,1.0,0.0,0.0526,0.0093,0.1795,0.4326,0.0059,0.8559,1
1.4464,4.9527,-9.5343,5.2155,0.2,0.2662,0.035,0.03,0.0787,1.2177,4.0,60.0,0.0,0.0,0.0114,0.3471,0.0271,0.1755,0.0006,0.9719,1
-2.9393,1.4668,-4.0102,1.613,1.066,0.332,0.0174,0.048,0.0762,0.5237,3.0,35.0,1.0,0.0,0.0044,0.0335,0.0155,0.0121,0.0108,0.9867,0
1.5365,1.8267,17.8056,5.4997,1.7597,0.3292,0.0507,0.0648,0.0901,0.3121,3.0,60.0,0.0,0.0,0.0685,0.0105,0.0296,0.295,0.0131,0.8246,1
-1.6452,2.6251,-4.9908,1.4565,1.5741,0.3337,0.0266,0.0316,0.0415,2.0027,4.0,35.0,0.0,0.0,0.0024,0.0059,0.0055,0.0144,0.0071,0.9505,0
2.6212,1.9027,-3.5131,1.6446,0.6046,0.332,0.0159,0.0321,0.0784,0.1092,4.0,35.0,1.0,0.0,0.0074,0.0304,0.0081,0.037,0.0061,1.0,0
1.9031,1.1517,0.5174,0.2,1.0115,0.3036,0.0197,0.0376,0.0839,1.0508,1.0,20.0,0.0,0.0,0.0244,0.002,0.0231,0.0025,0.005,1.0,0
-0.9739,2.2377,-4.6908,2.524,0.6247,0.294,0.03,0.01,0.0401,2.9652,2.0,35.0,1.0,0.0,0.029,0.0087,0.0236,0.0171,0.0071,0.9726,0
0.3036,1.3886,-12.3304,0.903,0.6292,0.3123,0.0406,0.0152,0.0176,0.8877,2.0,40.0,0.0,0.0,0.1186,0.0562,0.1172,0.0144,0.0065,0.9736,1
0.8845,0.5527,19.7803,2.6127,0.7442,0.2874,0.028,0.01,0.0954,1.7724,3.0,60.0,0.0,0.0,0.1,0.0176,0.0316,0.2545,0.0512,0.9197,1
-1.9059,1.0365,-12.0,2.3189,1.7597,0.3146,0.0334,0.019,0.0789,2.3568,6.0,35.0,0.0,0.0,0.0012,0.0027,0.0048,0.0013,0.0055,0.9693,0
-6.912,2.6155,18.8624,4.5905,0.7401,0.2983,0.0385,0.0342,0.1162,0.9808,1.0,20.0,0.0,0.0,0.0675,0.0001,0.005,0.6258,0.0194,0.7951,1
-1.1312,0.9172,0.4368,0.9211,0.5075,0.3533,0.0164,0.0305,0.0836,0.1,4.0,35.0,0.0,0.0,0.0223,0.0044,0.0169,0.0421,0.0093,0.9838,0
-0.8635,0.3,1.992,0.8532,0.3835,0.3117,0.017,0.0196,0.0552,2.0385,3.0,35.0,1.0,0.0,0.0227,0.0159,0.0175,0.0203,0.0114,0.9885,0
-4.5135,2.1642,2.1895,0.4922,0.6316,0.3219,0.0154,0.01,0.0395,0.8074,3.0,35.0,0.0,0.0,0.0314,0.0055,0.0117,0.0345,0.0078,0.9708,0
1.6073,1.3975,-3.0847,1.6666,1.1104,0.3334,0.0355,0.0519,0.0885,1.0351,5.0,35.0,0.0,0.0,0.0097,0.0307,0.0222,0.026,0.0035,0.9781,0
0.2209,1.1924,-14.2982,0.8014,1.5875,0.2872,0.0309,0.0207,0.0532,1.3862,3.0,60.0,0.0,0.0,0.1145,0.0987,0.0581,0.1931,0.0184,0.9327,1
2.82,2.4282,-2.5174,0.2892,1.5119,0.3211,0.0239,0.0481,0.0528,2.3443,1.0,20.0,0.0,0.0,0.0137,0.0256,0.0111,0.0327,0.0049,0.9795,0
-0.258,3.5913,-22.2002,0.9532,2.2078,0.2759,0.0383,0.0788,0.0849,0.5775,3.0,60.0,0.0,0.0,0.012,0.4357,0.0408,0.3668,0.0149,0.7946,1
-1.2078,1.2514,-0.5379,1.1406,0.7202,0.3078,0.0162,0.0244,0.0872,1.8141,3.0,35.0,0.0,0.0,0.0088,0.0414,0.02,0.031,0.0098,1.0,1
-0.0135,2.4339,-2.9895,1.5242,0.4614,0.2976,0.0335,0.0779,0.1707,1.9663,4.0,35.0,1.0,0.0,0.0219,0.0244,0.0005,0.0268,0.0039,0.9665,0
-0.8834,3.4528,-0.4138,2.419,0.4958,0.2583,0.01,0.01,0.077,2.639,4.0,35.0,0.0,0.0,0.008,0.0233,0.0129,0.0171,0.0078,1.0,0
2.7798,3.8339,-5.1036,1.6634,3.1798,0.277,0.01,0.0326,0.122,4.5327,6.0,35.0,0.0,0.0,0.0151,0.0081,0.0093,0.0147,0.0035,0.988,0
12.398,2.5677,-4.9947,1.7593,3.0795,0.3371,0.02,0.0413,0.0819,3.213,5.0,60.0,0.0,0.0,0.0244,0.1925,0.0006,0.1351,0.0049,0.9192,1
-21.6422,3.186,4.1603,0.2092,3.25,0.3002,0.0175,0.0533,0.1747,5.65,4.0,60.0,2.0,0.0,0.0238,0.0498,0.4604,0.8569,0.0204,0.8518,1
-2.2218,0.3869,5.0492,2.3945,1.5363,0.2809,0.0221,0.0511,0.113,1.6527,3.0,35.0,1.0,0.0,0.0164,0.0396,0.0227,0.0541,0.0004,0.9889,1
26.9876,2.7032,-3.3364,1.8454,4.6034,0.2719,0.0347,0.0768,0.1796,7.1594,1.0,20.0,4.0,0.0,0.0198,0.069,0.1445,0.15,0.0071,0.9006,1
2.0656,2.676,-2.6978,1.2286,1.1248,0.2647,0.044,0.0365,0.0887,1.7027,3.0,60.0,2.0,0.0,0.0691,0.0706,0.0186,0.1076,0.015,0.9387,1
-0.499,2.242,-2.3955,1.7076,0.5103,0.3136,0.0439,0.033,0.0784,1.8228,4.0,35.0,1.0,0.0,0.0108,0.0474,0.0056,0.0233,0.0009,0.9932,0
-2.4417,0.3,-4.2153,1.4568,0.8449,0.3578,0.0409,0.0214,0.0355,3.6654,5.0,35.0,0.0,0.0,0.0111,0.0141,0.0048,0.0231,0.0054,0.9664,0
1.6587,2.4606,-2.1082,2.8223,1.7844,0.261,0.0469,0.0672,0.1433,0.6821,4.0,60.0,1.0,0.0,0.0494,0.1818,0.0537,0.1764,0.0151,0.9282,1
-0.1685,1.1056,-1.8544,1.9719,1.2263,0.2898,0.0615,0.0765,0.1128,0.9399,3.0,60.0,3.0,0.0,0.0605,0.2012,0.0914,0.1133,0.0106,0.9657,1
1.7653,4.0066,-25.2493,1.9119,2.3078,0.2538,0.0405,0.083,0.1526,1.8786,1.0,20.0,1.0,0.0,0.0402,0.5142,0.0606,0.573,0.0129,0.8547,1
1.6726,2.9005,-15.1743,0.5871,1.3572,0.1652,0.0447,0.1047,0.1943,1.6239,1.0,20.0,0.0,0.0,0.4777,0.0277,0.0445,0.1436,0.1911,0.863,1
-0.3024,1.8356,-5.2187,0.9375,1.089,0.3025,0.0473,0.032,0.0887,2.2461,1.0,20.0,0.0,0.0,0.0129,0.0289,0.0045,0.0712,0.0022,0.9828,0
-15.5666,4.1661,0.2965,2.6745,1.1861,0.3177,0.0241,0.0348,0.0751,3.0358,2.0,40.0,0.0,0.0,0.1326,0.0126,0.0032,0.0201,0.0366,0.9639,1
3.1077,2.8544,-3.3608,2.1415,0.2749,0.296,0.0265,0.0457,0.0919,4.4348,5.0,35.0,0.0,0.0,0.0169,0.0308,0.0236,0.0073,0.0125,0.9857,0
-1.8291,3.0124,-2.8767,1.6613,0.5567,0.3173,0.0331,0.01,0.1127,2.5325,3.0,35.0,0.0,0.0,0.0152,0.0113,0.0136,0.0238,0.0075,1.0,0
1.3857,0.9769,-2.9806,1.7741,0.9489,0.2801,0.01,0.0442,0.0653,0.3866,5.0,60.0,0.0,0.0,0.0029,0.1464,0.0056,0.2015,0.0164,0.9267,1
2.5775,2.245,-5.098,1.0145,0.9325,0.3295,0.0252,0.0363,0.0531,0.543,5.0,35.0,1.0,0.0,0.0089,0.0251,0.0136,0.0071,0.0068,1.0,0
0.0401,1.644,-1.4044,0.5315,0.6103,0.3483,0.0419,0.01,0.0615,1.1501,5.0,35.0,0.0,0.0,0.0165,0.0188,0.0006,0.0078,0.0016,0.989,0
3.0105,1.3414,3.6489,2.1166,1.6478,0.318,0.0504,0.01,0.1037,3.3273,3.0,35.0,0.0,0.0,0.0034,0.0192,0.0026,0.0092,0.0032,0.9656,0
2.7212,0.3,-2.0805,1.3358,0.2,0.2923,0.0117,0.0255,0.0919,1.6563,4.0,35.0,0.0,0.0,0.0268,0.0097,0.0103,0.0388,0.0,0.9834,1
2.105,1.2046,-10.2675,0.9751,0.3846,0.2774,0.0176,0.0422,0.132,1.7505,3.0,35.0,0.0,0.0,0.0031,0.0004,0.0015,0.015,0.0031,0.9824,0
-5.5956,0.3,-4.5172,1.4746,0.299,0.3,0.0247,0.0678,0.1062,1.8064,4.0,35.0,0.0,0.0,0.0215,0.0132,0.0151,0.08,0.0054,1.0,0
2.2768,2.2812,-4.6874,2.4374,0.623,0.2944,0.01,0.0285,0.0488,1.1757,4.0,35.0,1.0,0.0,0.0238,0.0136,0.0001,0.0388,0.0001,0.9766,0
1.2704,1.4544,-3.0429,2.9771,0.9494,0.2974,0.0379,0.0418,0.0831,3.8442,4.0,35.0,0.0,0.0,0.0111,0.0277,0.0075,0.0233,0.0107,0.9799,0
2.0945,4.0007,-18.3789,3.0752,1.023,0.2618,0.0268,0.0611,0.13,3.509,4.0,60.0,1.0,0.0,0.0592,0.5292,0.0152,0.5667,0.0148,0.8207,1
0.6149,3.5343,-11.1246,0.2,2.772,0.2788,0.0289,0.0539,0.1491,4.8186,3.0,35.0,0.0,0.0,0.0104,0.0133,0.0155,0.0336,0.0047,0.9686,0
-0.1141,1.9104,-0.3163,0.97,0.5194,0.3073,0.0165,0.0219,0.077,0.8669,1.0,20.0,1.0,0.0,0.0148,0.0111,0.0056,0.0222,0.0135,0.9634,0
5.8451,1.8309,10.686,5.3783,1.6084,0.2968,0.0311,0.0126,0.0708,1.6077,4.0,60.0,0.0,0.0,0.0356,0.0448,0.0311,0.7083,0.0285,0.8469,1
-2.5832,2.1813,4.3808,2.1948,0.5882,0.3041,0.0619,0.059,0.1478,1.563,5.0,35.0,0.0,0.0,0.0043,0.0148,0.0001,0.0073,0.0059,0.9845,0
25.0296,3.5746,-0.5777,1.4377,0.8068,0.2679,0.0211,0.0398,0.1966,4.4164,5.0,60.0,3.0,0.0,0.0041,0.0337,0.1599,0.7028,0.0174,0.9485,1
-1.7865,1.6655,-10.7932,3.39,1.7269,0.3412,0.0143,0.0318,0.0982,2.1957,3.0,35.0,0.0,0.0,0.027,0.0097,0.0027,0.0257,0.0058,0.9825,0
0.0469,1.7182,-0.6042,0.4305,1.1242,0.2986,0.041,0.0467,0.0904,1.028,5.0,35.0,1.0,0.0,0.002,0.007,0.0169,0.009,0.0015,0.9641,0
-4.2281,1.9039,-8.5839,2.5028,1.2891,0.3301,0.01,0.0446,0.0873,1.9592,5.0,35.0,0.0,0.0,0.0208,0.0049,0.0037,0.0389,0.0124,0.9795,1
3.235,1.5525,-22.4086,4.1856,0.6019,0.2746,0.0437,0.01,0.0626,0.6322,1.0,20.0,0.0,0.0,0.0303,0.4098,0.0338,0.3626,0.0047,0.9801,1
-1.4046,1.5158,-1.8434,0.2261,0.9675,0.2848,0.0143,0.01,0.0498,1.1116,6.0,35.0,1.0,0.0,0.0316,0.0143,0.0002,0.0226,0.008,0.9906,0
1.5902,0.9812,4.08,1.7718,1.3695,0.2855,0.0312,0.0735,0.1019,0.8222,3.0,35.0,0.0,0.0,0.0033,0.0116,0.0051,0.0002,0.0153,0.9869,0
14.5507,5.0236,0.1994,5.1268,2.4418,0.2722,0.0805,0.1121,0.372,1.3714,5.0,60.0,1.0,0.0,0.0061,0.0475,0.4673,0.4536,0.0243,0.8131,1
-2.0897,0.7514,-15.9542,1.801,1.9002,0.2511,0.063,0.079,0.1912,5.2858,2.0,40.0,0.0,0.0,0.0605,0.5218,0.055,0.3759,0.004,0.9464,1
-2.9801,0.9841,-9.1656,0.8997,0.3914,0.3032,0.0166,0.0377,0.0784,0.1378,4.0,35.0,1.0,0.0,0.0049,0.0163,0.0014,0.022,0.0013,0.9531,0
2.7228,1.1758,-2.6191,1.6275,0.6777,0.3152,0.043,0.039,0.058,1.9639,4.0,35.0,0.0,0.0,0.0306,0.026,0.0022,0.0098,0.0092,0.9591,0
2.4324,1.251,-21.1432,4.8279,1.6706,0.2796,0.0334,0.0566,0.1706,2.9787,2.0,40.0,1.0,0.0,0.002,0.3022,0.043,0.4077,0.004,0.8878,1
30.1106,9.6092,-0.3807,2.2698,2.3148,0.296,0.0234,0.0883,0.2931,5.2625,3.0,60.0,2.0,0.0,0.033,0.003,0.203,0.2286,0.0103,0.9362,1
7.2794,3.2179,-5.2681,2.3397,1.1662,0.2693,0.0443,0.0385,0.1093,2.0307,4.0,60.0,0.0,0.0,0.0712,0.18,0.0006,0.0006,0.0143,0.9932,1
3.2663,1.6237,-4.9435,1.3283,1.8479,0.3379,0.0324,0.0454,0.0889,0.8959,3.0,35.0,0.0,0.0,0.0032,0.0067,0.0091,0.0184,0.0053,0.9641,0
3.863,1.6155,2.8098,2.4828,1.8501,0.2933,0.0628,0.01,0.0901,0.9605,6.0,35.0,0.0,0.0,0.0001,0.0199,0.0189,0.0328,0.0001,0.9727,0
2.4938,1.1628,0.9029,0.8167,0.2,0.3015,0.0406,0.0259,0.061,0.8201,6.0,35.0,1.0,0.0,0.0433,0.0076,0.013,0.0103,0.0124,0.9625,0
-6.3882,0.3,-2.6167,1.9368,1.7623,0.2864,0.0278,0.0461,0.1153,0.7533,3.0,60.0,1.0,0.0,0.0367,0.2038,0.0925,0.0481,0.0012,0.9531,1
7.1458,1.2555,7.2158,0.3834,1.492,0.3004,0.0319,0.03,0.179,2.2087,1.0,20.0,0.0,0.0,0.0315,0.0337,0.0157,0.1729,0.0044,1.0,0
5.3259,3.5487,11.5476,2.875,1.1782,0.3494,0.0496,0.055,0.0903,1.7584,1.0,20.0,0.0,0.0,0.0134,0.0576,0.0089,0.3166,0.0016,1.0,1
-0.2084,4.1218,-15.2229,1.7805,2.9835,0.1666,0.01,0.0409,0.0891,1.1801,2.0,40.0,0.0,0.0,0.5226,0.01,0.0591,0.1851,0.0062,0.8734,1
4.205,2.517,9.1784,3.9216,1.0991,0.2942,0.01,0.0128,0.0903,1.805,4.0,60.0,0.0,0.0,0.0281,0.0119,0.0387,0.7307,0.0201,0.9968,1
-3.4436,3.6826,0.4469,2.5879,1.7053,0.1566,0.0115,0.0714,0.1173,1.6827,0.0,0.0,0.0,0.0,0.5809,0.0293,0.0561,0.0145,0.0558,0.8343,1
1.8525,0.9684,-0.6358,0.482,0.8308,0.3048,0.0236,0.0432,0.099,0.9868,1.0,20.0,2.0,0.0,0.0362,0.0208,0.0025,0.0177,0.0023,0.999,0
1.8131,1.9557,-8.2649,0.9834,4.9947,0.1422,0.0356,0.0345,0.1112,1.1857,1.0,20.0,0.0,0.0,0.3311,0.0232,0.0214,0.1494,0.052,0.8824,1
6.9801,4.4162,-12.3739,4.6659,1.4208,0.2449,0.021,0.01,0.0183,2.6388,2.0,40.0,1.0,0.0,0.0041,0.1955,0.0355,0.5758,0.0001,0.8373,1
4.1168,0.7156,3.0601,0.932,1.1694,0.2955,0.0393,0.034,0.0494,0.2944,3.0,35.0,0.0,0.0,0.0001,0.0298,0.0014,0.0483,0.0131,0.9507,0
10.2608,1.2874,-17.4333,4.1568,1.2789,0.2686,0.0264,0.0576,0.1518,3.1085,1.0,20.0,3.0,0.0,0.0439,0.5009,0.0104,0.3184,0.0207,0.7296,1
5.546,0.6924,-4.179,4.0669,1.2995,0.3035,0.0155,0.01,0.0647,4.3074,3.0,35.0,0.0,0.0,0.0269,0.0047,0.0089,0.052,0.0084,0.9846,1
-4.3137,1.4526,-20.2363,0.9448,2.5598,0.2652,0.0424,0.01,0.0885,4.0743,3.0,60.0,2.0,0.0,0.0005,0.5591,0.0592,0.4394,0.0253,0.7373,1
2.7572,1.2678,-4.9304,2.3217,1.3319,0.2698,0.0465,0.0373,0.1895,0.4812,4.0,35.0,0.0,0.0,0.0263,0.0171,0.0097,0.0364,0.012,0.9884,0
-0.4542,0.3904,-5.4686,1.499,0.8119,0.2962,0.0432,0.0156,0.0548,1.0955,4.0,35.0,0.0,0.0,0.0084,0.0177,0.0187,0.0156,0.0056,0.9688,0
27.5311,8.6679,-0.0912,3.545,0.4152,0.2943,0.0339,0.1385,0.3024,2.9928,5.0,60.0,3.0,0.0,0.0036,0.0195,0.2903,0.7955,0.012,0.9227,1
13.0589,5.1678,-0.2545,2.3491,1.5621,0.2854,0.0212,0.0934,0.219,1.5739,5.0,35.0,0.0,0.0,0.0248,0.0004,0.0136,0.0186,0.001,0.987,0
-13.6707,2.0763,-4.2436,1.5903,1.8485,0.276,0.0116,0.0472,0.1147,5.952,1.0,20.0,0.0,0.0,0.1181,0.1097,0.0422,0.1832,0.004,0.9755,1
0.3846,0.947,-3.471,1.4494,1.2063,0.2807,0.0301,0.0722,0.115,2.2448,4.0,35.0,1.0,0.0,0.0021,0.0021,0.0102,0.0106,0.0037,0.9838,0
1.0181,0.3,-0.3637,2.9294,1.1207,0.2895,0.0196,0.0284,0.0291,1.6987,3.0,35.0,0.0,0.0,0.009,0.0155,0.0309,0.0102,0.0108,0.9946,0
2.4183,1.6141,-1.1052,1.3019,1.3496,0.2898,0.0434,0.0634,0.0771,2.0045,3.0,35.0,0.0,0.0,0.0183,0.0052,0.0171,0.0363,0.0039,0.9923,1
-10.6401,2.9966,-25.1125,0.2,0.6001,0.2659,0.037,0.0422,0.0528,0.7511,3.0,60.0,1.0,0.0,0.0522,0.4795,0.0643,0.6088,0.0182,0.9146,1
2.4658,0.998,0.6287,2.4986,0.7315,0.3073,0.0267,0.0337,0.0632,1.265,2.0,35.0,0.0,0.0,0.0214,0.0163,0.019,0.0202,0.0037,0.9725,0
4.4823,0.6059,23.032,2.9394,0.5984,0.2879,0.01,0.01,0.1302,0.4406,3.0,60.0,0.0,0.0,0.0305,0.0274,0.0325,0.8401,0.018,0.8597,1
-1.9519,1.5129,-6.7772,1.636,1.0243,0.2834,0.0341,0.0292,0.0645,1.4109,3.0,35.0,1.0,0.0,0.0175,0.0047,0.011,0.035,0.0033,0.9882,0
16.1623,0.3186,-4.3171,2.4365,0.7994,0.2758,0.0232,0.0489,0.0913,1.9126,4.0,60.0,1.0,0.0,0.0032,0.1076,0.002,0.2136,0.0223,0.9414,1
-0.2518,2.8893,-24.9118,3.157,1.4432,0.2079,0.0304,0.0366,0.097,1.0101,3.0,60.0,1.0,0.0,0.0299,0.2242,0.007,0.125,0.0115,0.8524,1
3.3454,1.4867,-6.6446,2.9828,3.2701,0.1434,0.0208,0.086,0.1537,0.8145,1.0,20.0,0.0,0.0,0.5657,0.0108,0.0062,0.023,0.072,0.9571,1
2.1365,1.9646,1.8958,1.5924,0.8331,0.3158,0.0303,0.0669,0.1275,1.2787,4.0,35.0,0.0,0.0,0.0196,0.0132,0.004,0.0306,0.0077,0.9974,0
-5.1019,4.8685,-23.3109,2.0105,1.9315,0.281,0.0414,0.01,0.0555,1.2211,3.0,60.0,1.0,0.0,0.0469,0.1779,0.0784,0.6413,0.0115,0.7653,1
-1.0098,1.5979,2.4089,1.8914,0.8865,0.2958,0.0272,0.0805,0.1165,1.429,2.0,35.0,0.0,0.0,0.0104,0.0085,0.0054,0.0143,0.0014,0.986,0
-1.1961,2.0774,-1.4471,2.7567,0.669,0.308,0.0556,0.0438,0.0947,3.3707,6.0,35.0,1.0,0.0,0.0185,0.026,0.0008,0.01,0.0058,0.981,0
2.4401,2.6196,-4.5716,1.0335,0.3855,0.3059,0.0296,0.0532,0.1359,0.9015,1.0,20.0,0.0,0.0,0.0144,0.0137,0.0067,0.0225,0.0126,0.9857,0
0.7695,0.3,-6.3705,1.646,0.8683,0.3063,0.0302,0.047,0.0808,0.8774,4.0,35.0,0.0,0.0,0.0161,0.0155,0.0203,0.0295,0.0063,0.9947,0
-7.0717,3.7568,-12.6904,0.991,0.4743,0.1638,0.023,0.0319,0.0592,0.9912,0.0,0.0,0.0,0.0,0.2,0.0588,0.0388,0.0906,0.0081,0.9207,1
20.7951,2.4582,-8.6312,1.6096,1.4103,0.2806,0.0323,0.0427,0.1005,4.187,3.0,60.0,1.0,0.0,0.0299,0.023,0.0363,0.0396,0.0101,0.9397,1
-0.1071,1.5464,-0.8789,0.2,0.5573,0.3142,0.042,0.0302,0.0365,1.9958,3.0,35.0,0.0,0.0,0.0006,0.0072,0.004,0.0241,0.0095,0.9991,1
16.6304,3.6651,0.4174,0.9334,1.645,0.296,0.0336,0.0497,0.0664,3.8907,3.0,60.0,0.0,0.0,0.0527,0.1016,0.0737,0.0711,0.0139,0.9346,1
5.4552,0.3,4.3837,1.4846,2.2538,0.3309,0.0405,0.0807,0.1942,1.8744,7.0,35.0,0.0,0.0,0.0068,0.023,0.0065,0.0217,0.012,0.9803,0
-1.5945,2.568,-6.9703,2.4852,0.5261,0.3048,0.0257,0.0185,0.1263,2.1311,5.0,35.0,0.0,0.0,0.0127,0.0178,0.0127,0.0032,0.0104,0.9818,0
-0.3758,1.2386,-5.6064,0.4967,0.9857,0.299,0.0332,0.0223,0.0777,2.5426,4.0,35.0,0.0,0.0,0.0139,0.0064,0.0101,0.0135,0.0042,0.9832,0
-1.8877,1.2933,-8.8794,2.5839,0.4598,0.2765,0.0236,0.0227,0.0519,3.0597,4.0,35.0,0.0,0.0,0.0127,0.0049,0.0111,0.023,0.0025,0.9949,0
5.2087,1.0516,22.3637,2.7616,1.8198,0.2699,0.0409,0.0729,0.1199,0.7072,1.0,20.0,0.0,0.0,0.0435,0.0107,0.0166,0.4254,0.0494,0.9036,1
-11.1686,5.2652,-7.8097,0.6851,2.0367,0.2927,0.0286,0.01,0.0991,6.0,4.0,35.0,0.0,0.0,0.0107,0.0105,0.0206,0.0216,0.0038,0.9755,0
0.3019,1.9113,-0.9937,1.5438,0.3882,0.2447,0.0409,0.021,0.1588,1.0295,4.0,35.0,0.0,0.0,0.0173,0.0098,0.0017,0.0151,0.0137,0.9918,0
-1.8056,0.3,-13.7247,3.2565,1.4395,0.2882,0.0324,0.0194,0.1082,1.2809,4.0,60.0,0.0,0.0,0.0511,0.1999,0.0121,0.1799,0.0008,0.9229,1
-0.3562,2.1785,-2.4074,1.6729,1.1778,0.3186,0.035,0.0198,0.0533,2.1747,6.0,35.0,0.0,0.0,0.0015,0.0104,0.0012,0.0035,0.0074,1.0,0
-7.1636,4.7859,2.9301,6.0,3.2657,0.3,0.01,0.0291,0.0655,3.9479,3.0,35.0,0.0,0.0,0.0197,0.0212,0.0007,0.0248,0.0154,0.9662,0
2.3935,0.3,-4.8635,3.0583,1.9283,0.2904,0.0349,0.01,0.0108,3.5137,3.0,35.0,1.0,0.0,0.0106,0.0178,0.0287,0.0284,0.0064,0.9801,0
-26.9187,6.7395,-0.3644,2.3598,0.9845,0.3319,0.0307,0.031,0.1496,5.3351,2.0,40.0,2.0,0.0,0.0135,0.0409,0.2062,0.6175,0.0038,1.0,1
1.7045,1.9455,9.4559,1.4538,2.0727,0.2729,0.0522,0.0787,0.0815,1.939,5.0,35.0,0.0,0.0,0.0157,0.012,0.0009,0.0674,0.0025,0.9865,0
-9.7481,3.765,-33.0305,2.379,2.4942,0.231,0.0278,0.0557,0.1196,2.1053,3.0,60.0,0.0,0.0,0.0587,0.2279,0.0649,0.5379,0.0162,0.9436,1
-1.5559,2.517,-3.9174,3.0209,0.7786,0.3048,0.0309,0.0253,0.0702,3.7664,3.0,35.0,0.0,0.0,0.026,0.0244,0.0258,0.0151,0.0095,0.989,1
3.101,0.6744,-3.816,1.4576,1.2644,0.3071,0.0292,0.0537,0.07,2.7859,2.0,35.0,0.0,0.0,0.0102,0.0355,0.0159,0.035,0.0052,0.9777,0
-1.6068,1.8765,-3.7315,0.2,1.1744,0.3319,0.0484,0.0484,0.091,2.168,5.0,35.0,1.0,0.0,0.0093,0.0075,0.0028,0.0307,0.0027,0.9916,0
-2.4849,2.1202,-3.6476,2.7097,1.2288,0.3087,0.01,0.0396,0.0661,1.185,2.0,35.0,0.0,0.0,0.0067,0.0152,0.0148,0.0088,0.0057,0.9836,0
-1.1064,2.3336,-23.6777,2.6211,0.707,0.3303,0.0218,0.0596,0.0791,2.8243,3.0,60.0,1.0,0.0,0.0235,0.6332,0.0232,0.4646,0.0158,0.7886,1
1.6775,2.3544,-0.6526,1.1617,0.2984,0.29,0.0327,0.0468,0.0639,1.5357,4.0,35.0,0.0,0.0,0.0266,0.0043,0.0226,0.0093,0.0001,0.9731,0
5.6597,1.2296,6.4301,2.1849,1.3513,0.2606,0.01,0.0456,0.113,0.6748,2.0,35.0,0.0,0.0,0.0184,0.0079,0.0178,0.0035,0.0032,1.0,0
14.5199,2.1702,-2.0628,3.205,1.3998,0.3248,0.0249,0.0453,0.1191,5.2466,5.0,60.0,0.0,0.0,0.1176,0.2349,0.027,0.0484,0.0098,0.9554,1
-15.0,5.2536,-4.099,2.6768,1.8179,0.2703,0.0444,0.0485,0.089,6.0,4.0,35.0,0.0,0.0,0.0312,0.0376,0.0085,0.0269,0.0001,0.9778,0
2.5304,0.4467,-4.4713,1.1921,0.788,0.2854,0.0286,0.024,0.0479,0.7999,1.0,20.0,0.0,0.0,0.0006,0.0184,0.0084,0.0328,0.0077,0.9674,0
-2.2498,2.5979,0.6495,1.107,1.1593,0.2755,0.064,0.0885,0.1349,0.4134,4.0,35.0,0.0,0.0,0.0276,0.0018,0.0154,0.0223,0.0016,0.9836,0
1.5641,0.653,-1.0398,0.8761,0.5715,0.3198,0.0137,0.0454,0.0496,1.3239,3.0,35.0,0.0,0.0,0.013,0.0134,0.0104,0.0085,0.0073,0.9661,0
-4.2294,1.4212,-21.4837,5.1682,1.0286,0.306,0.0413,0.01,0.0179,1.436,3.0,60.0,2.0,0.0,0.0266,0.371,0.011,0.1994,0.0107,0.8506,1
2.511,4.1286,-21.3345,3.8345,1.9317,0.2212,0.0317,0.01,0.0495,1.2571,4.0,60.0,1.0,0.0,0.0295,0.5117,0.0616,0.1805,0.001,0.9829,1
-3.0135,1.1525,0.7101,1.3521,2.3799,0.2155,0.0414,0.1864,0.4486,1.0445,7.0,60.0,0.0,1.0,0.1405,0.0522,0.0378,0.1633,0.08,0.8972,1
-1.9591,0.9993,-4.2435,2.7732,1.4621,0.2612,0.0575,0.0328,0.0804,1.6309,4.0,60.0,0.0,0.0,0.0394,0.1068,0.0632,0.2195,0.0153,0.9205,1
-10.6494,3.333,-0.2139,1.0343,1.1534,0.3069,0.0142,0.0486,0.0698,1.7256,3.0,60.0,0.0,0.0,0.0064,0.1685,0.0571,0.274,0.013,0.9671,1
-7.2067,1.3535,-17.4521,2.5426,2.8616,0.2668,0.0407,0.0528,0.0891,0.6818,1.0,20.0,2.0,0.0,0.044,0.232,0.0189,0.3666,0.0155,0.8537,1
17.6907,4.2004,3.3843,2.6012,3.1542,0.2921,0.0578,0.1005,0.259,1.3051,5.0,60.0,4.0,0.0,0.0048,0.0051,0.4432,0.5889,0.0097,0.7678,1
-0.5006,3.0911,-4.4733,1.3405,0.8981,0.2876,0.0271,0.0432,0.0803,3.4527,2.0,35.0,1.0,0.0,0.0228,0.0098,0.0013,0.0046,0.0024,0.9532,0
2.414,2.0994,-9.6571,3.8731,1.3762,0.2817,0.0327,0.0341,0.0428,4.4401,2.0,40.0,1.0,0.0,0.0616,0.4133,0.0497,0.3415,0.0132,0.8961,1
-7.69,4.3652,-6.2704,3.865,1.1284,0.2936,0.0312,0.015,0.0352,2.5574,3.0,35.0,0.0,0.0,0.014,0.0146,0.0024,0.0412,0.0028,0.9868,0
17.4528,3.3005,-4.2344,1.3453,1.7417,0.2983,0.03,0.036,0.1164,3.7235,2.0,40.0,0.0,0.0,0.0602,0.0486,0.0364,0.0604,0.0072,0.938,1
30.6964,3.1969,-6.2133,3.0734,1.6602,0.2843,0.0537,0.0992,0.1759,4.8393,2.0,40.0,4.0,0.0,0.0507,0.0046,0.3444,0.7335,0.0102,0.9062,1
-1.0292,3.2006,-8.4004,3.5766,1.464,0.297,0.0471,0.0233,0.038,3.6736,3.0,35.0,0.0,0.0,0.0373,0.0008,0.0086,0.0514,0.0083,0.9695,0
1.4932,1.3953,3.5517,0.5739,0.8554,0.3094,0.0163,0.0298,0.0726,2.7509,3.0,35.0,0.0,0.0,0.0141,0.0211,0.0091,0.0203,0.009,0.9946,0
0.946,0.8747,6.2227,1.5993,0.98,0.3129,0.0187,0.0258,0.0874,0.4056,2.0,35.0,0.0,0.0,0.0148,0.0016,0.0009,0.0488,0.0068,0.9595,0
3.0471,1.1863,-2.0654,1.4239,2.2042,0.2499,0.0235,0.0664,0.1294,0.7891,4.0,60.0,0.0,0.0,0.0808,0.0843,0.0182,0.3,0.0001,0.9606,1
-0.5632,2.8406,-7.4759,2.0071,0.2,0.2735,0.0571,0.0546,0.0959,4.4955,3.0,35.0,0.0,0.0,0.0108,0.0081,0.0078,0.0429,0.0058,0.9907,0
-3.9092,1.0138,0.7621,1.2703,0.8857,0.3125,0.0184,0.049,0.0791,1.1764,4.0,35.0,1.0,0.0,0.0246,0.0094,0.0019,0.0316,0.0047,0.9732,0
0.4629,1.3858,-4.8655,0.875,1.0487,0.3988,0.013,0.0363,0.0649,2.2286,1.0,20.0,0.0,0.0,0.0111,0.0052,0.0097,0.0414,0.0004,0.99,0
1.7099,1.5207,-0.3463,1.4327,0.7268,0.3397,0.0311,0.0246,0.0825,1.0549,3.0,35.0,0.0,0.0,0.0125,0.0249,0.0189,0.0271,0.008,0.9991,1
-15.196,2.2789,-3.1078,2.2523,0.9918,0.3325,0.0222,0.0551,0.0578,1.8346,2.0,40.0,0.0,0.0,0.0742,0.0912,0.0412,0.2796,0.0118,0.95,1
-1.6479,0.7685,3.0996,1.0003,0.9346,0.3042,0.0172,0.0462,0.0592,0.7509,4.0,35.0,0.0,0.0,0.0073,0.0159,0.0169,0.0347,0.0001,0.9757,0
3.4983,2.1277,-3.2345,1.6028,0.5809,0.2311,0.0483,0.0331,0.1071,1.6175,3.0,60.0,0.0,0.0,0.0152,0.1668,0.0801,0.295,0.0118,0.9471,1
-2.5752,1.6173,-1.5187,1.5781,0.7766,0.3052,0.0345,0.0453,0.0876,0.2505,3.0,35.0,0.0,0.0,0.0,0.0105,0.0136,0.0556,0.0023,0.9916,0
-0.2269,0.9634,-4.7633,1.8782,0.8757,0.213,0.0304,0.039,0.1399,0.304,4.0,60.0,0.0,0.0,0.0486,0.2231,0.0532,0.0469,0.0189,0.9745,1
33.9382,3.9221,-6.8055,0.6845,4.2241,0.2677,0.029,0.1054,0.1995,0.1148,1.0,20.0,2.0,0.0,0.0299,0.0239,0.4275,0.2274,0.0055,1.0,1
2.8806,1.2426,-2.6835,0.751,0.2,0.3347,0.0434,0.033,0.1028,1.1873,4.0,35.0,1.0,0.0,0.0183,0.0301,0.0152,0.0206,0.0012,0.9728,0
15.0,6.913,-7.6976,2.8146,1.265,0.2619,0.0288,0.0229,0.1397,5.0261,2.0,35.0,0.0,0.0,0.0043,0.0089,0.0201,0.0338,0.0053,0.9761,0
-2.9561,2.6466,-0.8581,2.0584,1.2588,0.3218,0.0186,0.0769,0.099,1.2853,5.0,35.0,1.0,0.0,0.0186,0.004,0.0039,0.0707,0.0048,0.9776,1
6.0352,1.1771,-2.2165,2.5019,0.9695,0.3235,0.0519,0.0264,0.0824,2.9367,4.0,35.0,0.0,0.0,0.0003,0.0054,0.0042,0.038,0.0045,0.9605,0
3.4629,3.5656,-30.3089,1.0647,2.4229,0.2536,0.0355,0.0144,0.0868,2.3711,2.0,40.0,2.0,0.0,0.0252,0.4055,0.0304,0.6338,0.0211,0.8697,1
1.8246,1.3565,-2.4955,0.9614,0.5662,0.3368,0.01,0.0575,0.0889,0.9,4.0,35.0,0.0,0.0,0.0022,0.0027,0.0078,0.0039,0.013,1.0,0
-1.2231,0.9448,2.8805,1.4077,1.6625,0.3135,0.0262,0.05,0.1291,1.6247,2.0,35.0,0.0,0.0,0.0228,0.0235,0.0079,0.0353,0.0098,0.9999,0
2.2505,2.028,-0.9334,2.8802,2.5477,0.3111,0.0565,0.0861,0.1212,0.1,4.0,35.0,0.0,0.0,0.0106,0.0088,0.0173,0.017,0.0011,0.9766,0
-11.4745,4.8314,-3.912,3.6705,1.1707,0.2955,0.0356,0.0462,0.1039,5.9942,4.0,60.0,0.0,0.0,0.018,0.2178,0.0774,0.0045,0.0061,0.9508,1
1.1926,1.1692,0.2554,0.8545,0.5005,0.3083,0.0454,0.0334,0.0337,0.6879,4.0,35.0,1.0,0.0,0.0254,0.0038,0.0342,0.0194,0.0112,0.9627,0
-1.1114,5.1277,-23.4332,4.8802,1.0434,0.2653,0.0372,0.0792,0.1229,1.8442,1.0,20.0,1.0,0.0,0.0095,0.3769,0.0304,0.1,0.0062,0.7868,1
-0.0807,2.1687,-4.0171,2.5574,1.304,0.3019,0.01,0.01,0.0823,2.5001,5.0,35.0,0.0,0.0,0.0091,0.0032,0.0347,0.0251,0.0023,0.9552,0
-9.3703,3.8649,-6.5897,0.7278,0.8415,0.3016,0.0388,0.0521,0.0703,3.9281,5.0,60.0,1.0,0.0,0.1839,0.1581,0.0887,0.2701,0.0185,0.9335,1
0.2376,0.7391,-5.5818,1.8553,3.672,0.2549,0.0132,0.0221,0.1454,0.4561,1.0,20.0,1.0,0.0,0.0208,0.0178,0.0039,0.0286,0.0015,0.9831,0
19.2589,1.8596,0.4596,2.1639,1.702,0.2522,0.01,0.0217,0.3009,4.9734,1.0,20.0,4.0,0.0,0.0447,0.0669,0.2739,0.4962,0.0114,0.9901,1
3.585,0.7907,-1.3181,0.4929,1.3617,0.3149,0.0395,0.01,0.076,1.4939,5.0,35.0,1.0,0.0,0.011,0.001,0.0178,0.0188,0.0006,0.9662,0
-9.7057,5.3994,1.3214,6.0,2.8975,0.3001,0.01,0.082,0.1247,3.1663,3.0,35.0,1.0,0.0,0.0431,0.0119,0.02,0.0209,0.0002,1.0,0
1.69,2.2086,-10.4111,3.5927,0.2,0.2616,0.01,0.064,0.1295,0.6293,3.0,60.0,0.0,0.0,0.0505,0.1151,0.0029,0.1765,0.0015,0.9566,1
3.2579,1.411,17.465,1.571,1.2499,0.3171,0.0205,0.0544,0.1296,0.7285,4.0,60.0,0.0,0.0,0.0583,0.0226,0.0352,0.3523,0.0153,0.9156,1
-4.1972,2.4477,4.6334,0.9055,1.1158,0.2933,0.0438,0.0276,0.1252,2.7158,3.0,35.0,0.0,0.0,0.008,0.0017,0.0056,0.0146,0.0131,0.9942,0
15.2208,8.7536,2.0424,0.3689,3.174,0.301,0.0541,0.0946,0.1676,4.3483,7.0,60.0,1.0,0.0,0.0265,0.0645,0.1717,0.2666,0.0027,0.8895,1
-12.8708,2.8536,-7.1579,2.7752,1.2211,0.2896,0.0148,0.0504,0.105,3.9087,4.0,60.0,0.0,0.0,0.111,0.0912,0.0429,0.1331,0.0252,0.9485,1
-1.4195,1.91,-2.2748,1.2263,1.1722,0.2968,0.0242,0.0398,0.0706,1.9064,2.0,35.0,0.0,0.0,0.0085,0.0132,0.0054,0.0132,0.0055,0.983,0
1.4166,1.1721,2.4845,1.541,1.4612,0.311,0.0534,0.057,0.1221,3.654,1.0,20.0,1.0,0.0,0.0057,0.0186,0.0067,0.0059,0.0074,0.9956,0
3.3012,2.4459,1.1791,3.3351,0.385,0.2982,0.0545,0.0355,0.1048,2.3433,2.0,35.0,0.0,0.0,0.0077,0.0017,0.033,0.0047,0.01,0.9741,0
-11.0161,1.3601,-3.1487,2.7964,1.3393,0.3007,0.0301,0.0508,0.1094,2.1369,5.0,60.0,0.0,0.0,0.1261,0.0283,0.0719,0.1068,0.0052,0.9907,1
-2.0286,1.6004,-6.0978,0.5237,0.8111,0.2337,0.0649,0.0286,0.0504,1.0789,4.0,60.0,0.0,0.0,0.0519,0.1781,0.0768,0.1667,0.0018,1.0,0
-1.5136,3.7519,19.7516,4.5209,1.5192,0.3247,0.0314,0.0941,0.1512,0.118,1.0,20.0,1.0,0.0,0.0444,0.0309,0.0747,0.1866,0.0128,0.8811,1
8.3177,8.0,-7.7107,3.7323,1.8311,0.2802,0.0375,0.072,0.2067,4.6263,2.0,35.0,0.0,0.0,0.0373,0.0302,0.0191,0.0359,0.0085,0.9974,0
5.077,2.1443,-12.0,2.8394,0.8259,0.2985,0.0245,0.0421,0.1045,2.8397,3.0,35.0,0.0,0.0,0.0103,0.002,0.0158,0.0292,0.0127,0.9988,0
3.6415,0.3,1.8932,2.2138,0.6492,0.3346,0.0305,0.0492,0.1259,1.2087,1.0,20.0,0.0,0.0,0.0254,0.0049,0.0015,0.0385,0.0033,0.9723,0
20.5402,4.073,-0.2423,1.9657,2.5228,0.247,0.0681,0.0505,0.2193,3.4083,3.0,60.0,1.0,0.0,0.0259,0.0006,0.4066,0.5262,0.0163,0.9229,1
-5.1394,3.3539,-5.3436,3.7378,0.2028,0.288,0.0301,0.0307,0.0617,3.2474,2.0,35.0,0.0,0.0,0.0118,0.0177,0.0171,0.0025,0.0027,0.9992,0
-11.1024,5.3102,-18.3151,4.134,2.2851,0.2627,0.0645,0.0484,0.0962,3.665,4.0,60.0,3.0,0.0,0.0479,0.4794,0.0356,0.3182,0.0063,0.9469,1
-1.2363,1.7391,-2.6517,1.9232,1.28,0.3251,0.0249,0.0455,0.1074,0.5164,3.0,35.0,0.0,0.0,0.0161,0.02,0.0035,0.0109,0.0017,0.9665,0
3.0306,2.4272,-0.9952,1.1984,3.0459,0.2555,0.0638,0.0965,0.4,1.712,7.0,60.0,2.0,1.0,0.1553,0.0231,0.0344,0.1708,0.1328,0.9332,1
-8.2765,3.3016,0.5278,3.8553,2.0222,0.3313,0.0302,0.0178,0.0452,1.3535,1.0,20.0,0.0,0.0,0.007,0.0094,0.0004,0.0156,0.0068,0.9666,0
-1.5686,1.5052,-2.8429,1.7416,1.1794,0.2251,0.0479,0.0468,0.1155,1.0687,4.0,60.0,1.0,0.0,0.0755,0.1078,0.0289,0.2309,0.0012,0.9439,1
-2.1227,1.4612,-7.1606,1.3743,0.9794,0.2705,0.0442,0.0308,0.0793,1.9406,3.0,35.0,0.0,0.0,0.0075,0.0046,0.0014,0.0022,0.0055,1.0,0
-2.2781,1.0828,-1.5988,0.7039,0.5384,0.3437,0.0218,0.013,0.0437,1.0326,1.0,20.0,1.0,0.0,0.023,0.0315,0.0139,0.0219,0.0127,0.967,0
2.2359,1.3326,13.5037,1.3862,2.2267,0.3234,0.0295,0.1019,0.1784,1.285,3.0,60.0,0.0,0.0,0.0032,0.0189,0.0286,0.6797,0.0066,0.9057,1
0.5543,3.7006,-12.0,1.333,3.4299,0.3304,0.0581,0.0465,0.1058,6.0,7.0,35.0,0.0,0.0,0.02,0.0215,0.0232,0.0191,0.0059,0.9531,0
-2.8422,2.0977,-5.4999,1.9904,1.6827,0.2763,0.0192,0.0555,0.1209,2.1215,3.0,35.0,2.0,0.0,0.0118,0.0083,0.0075,0.0041,0.013,0.9701,0
-0.5237,3.1956,-13.0502,2.4836,1.0434,0.2521,0.0191,0.0247,0.1252,2.5457,4.0,60.0,0.0,0.0,0.0354,0.1582,0.0813,0.0606,0.0103,0.9487,1
-4.355,8.0011,7.6759,4.1626,3.1333,0.1756,0.0635,0.0222,0.0579,2.0446,2.0,40.0,0.0,0.0,0.0252,0.0202,0.0232,0.2445,0.0035,0.5038,1
19.2191,6.1297,-1.8201,1.69,3.4241,0.3171,0.0396,0.0693,0.2175,3.5079,1.0,20.0,3.0,0.0,0.0353,0.0254,0.0577,0.4357,0.0191,0.7062,0
-23.4818,5.1005,-5.234,2.7052,2.4511,0.2763,0.0291,0.0873,0.179,4.2796,3.0,60.0,1.0,0.0,0.0372,0.025,0.05,0.7291,0.0011,0.6424,1
24.6341,8.4085,6.3276,2.9697,4.6305,0.3155,0.0341,0.0879,0.28,2.7651,1.0,20.0,1.0,0.0,0.0232,0.0075,0.05,0.726,0.0018,0.9044,1
-1.8408,2.1962,-3.3626,0.3284,0.9959,0.3032,0.0258,0.0494,0.0978,4.0722,3.0,35.0,1.0,0.0,0.0345,0.0297,0.0009,0.0149,0.0033,0.9873,0
1.2912,2.0631,-0.9964,2.3982,2.314,0.3006,0.0161,0.0506,0.0742,2.6636,4.0,35.0,0.0,0.0,0.005,0.0068,0.0101,0.0046,0.0019,0.9971,0
-2.5531,2.0667,-2.3905,0.8616,0.2879,0.3274,0.0365,0.038,0.1434,0.6439,1.0,20.0,0.0,0.0,0.0093,0.0137,0.0076,0.027,0.0013,1.0,0
-1.5616,0.907,-5.1056,0.6375,0.5319,0.3165,0.0263,0.0354,0.0751,0.6511,1.0,20.0,0.0,0.0,0.0046,0.017,0.0191,0.0388,0.0088,0.978,0
-0.4808,1.6607,-1.3892,1.0169,0.5579,0.3164,0.0384,0.0314,0.0741,0.1317,3.0,35.0,0.0,0.0,0.0024,0.0103,0.0057,0.0216,0.0056,0.9657,0
1.1606,1.9413,-8.387,2.8854,1.2954,0.2709,0.0545,0.01,0.0305,1.5042,4.0,60.0,1.0,0.0,0.0646,0.1984,0.0546,0.2339,0.0002,0.9462,1
-1.7609,0.3732,-6.8916,1.5636,0.2878,0.3451,0.01,0.0739,0.1303,1.4226,3.0,35.0,0.0,0.0,0.0094,0.0265,0.0111,0.023,0.0032,0.9791,0
18.196,8.9346,-0.9685,3.3275,1.5179,0.286,0.0331,0.0922,0.1425,4.702,1.0,20.0,2.0,0.0,0.0181,0.0452,0.4563,0.7022,0.0048,0.9764,1
4.7755,5.0603,-13.8422,2.9556,1.7175,0.3121,0.0265,0.0163,0.0491,2.2633,1.0,20.0,2.0,0.0,0.0071,0.5015,0.0422,0.5265,0.0026,0.9388,1
3.0078,0.8172,-3.3536,0.4458,1.0913,0.2369,0.0435,0.0225,0.1419,1.0147,5.0,60.0,0.0,0.0,0.1099,0.0681,0.0218,0.0783,0.0047,0.9656,1
5.3038,2.9607,-10.5845,1.7352,1.1212,0.3065,0.01,0.0474,0.1039,3.0783,6.0,35.0,0.0,0.0,0.0167,0.0334,0.021,0.0032,0.0082,0.97,0
-3.4905,2.6095,-13.9822,3.6784,1.9631,0.3246,0.0443,0.0681,0.1143,1.3808,3.0,60.0,0.0,0.0,0.0358,0.1959,0.0548,0.5377,0.0135,0.9295,1
12.072,5.0807,-0.805,1.3885,1.3986,0.3366,0.0309,0.0707,0.0862,1.7233,1.0,20.0,2.0,0.0,0.0251,0.1139,0.1195,0.1977,0.0138,0.9885,1
5.8782,1.0653,-21.075,2.4174,0.2499,0.2519,0.0367,0.0176,0.0475,2.56,4.0,60.0,2.0,0.0,0.0191,0.5935,0.0336,0.2927,0.0128,0.7964,1
12.9373,1.8216,0.6468,2.2615,1.2566,0.3225,0.042,0.0383,0.1476,5.3751,1.0,20.0,0.0,0.0,0.0528,0.074,0.0016,0.0549,0.0209,0.8974,1
-2.7786,1.6972,-1.7544,1.8841,1.4322,0.2897,0.0219,0.0148,0.0578,1.8731,5.0,35.0,0.0,0.0,0.0052,0.0123,0.0016,0.0618,0.003,0.9828,0
-1.7949,1.3174,3.9211,1.6228,0.8585,0.291,0.0297,0.054,0.0716,2.103,5.0,35.0,0.0,0.0,0.0388,0.0103,0.0056,0.0144,0.0053,0.9867,0
-2.1376,4.5515,-14.363,2.606,1.1195,0.2768,0.0126,0.01,0.0353,0.5601,5.0,60.0,0.0,0.0,0.0291,0.4244,0.0835,0.4612,0.0024,0.9336,1
-27.0533,3.1534,-3.8741,3.5557,3.9839,0.2966,0.025,0.0953,0.3031,0.9163,4.0,60.0,2.0,0.0,0.0391,0.0416,0.4372,0.4536,0.01,0.9444,1
2.4376,1.017,-5.931,1.1129,0.2546,0.3045,0.0272,0.01,0.0566,1.3538,5.0,35.0,0.0,0.0,0.021,0.0279,0.0087,0.02,0.0029,0.9986,0
2.3565,1.4449,-3.7513,0.7632,1.5829,0.3345,0.0487,0.0509,0.0958,1.1808,3.0,35.0,0.0,0.0,0.0103,0.0282,0.004,0.0282,0.0093,0.9664,0
-28.9126,2.9,-8.7451,3.3755,4.9698,0.3661,0.0587,0.1383,0.3252,5.906,4.0,60.0,2.0,0.0,0.0321,0.0144,0.3235,0.3144,0.0147,0.7541,1
-0.5303,0.4514,-6.4735,2.2151,0.8719,0.2952,0.0291,0.0372,0.0947,1.7203,2.0,35.0,0.0,0.0,0.0027,0.0047,0.0023,0.0059,0.0027,0.9827,0
1.6502,1.0317,-4.6839,1.166,0.6993,0.3064,0.01,0.0366,0.0762,3.163,4.0,35.0,1.0,0.0,0.0119,0.0036,0.0112,0.0309,0.0052,0.9806,0
8.9012,1.0939,-17.5013,4.1158,1.0757,0.2889,0.0489,0.0317,0.1211,3.6774,1.0,20.0,0.0,0.0,0.0233,0.3019,0.0571,0.4021,0.0317,0.8442,1
-4.2693,1.2273,-18.2851,1.3601,2.0135,0.3312,0.0442,0.0543,0.1123,1.4241,2.0,40.0,0.0,0.0,0.0063,0.5571,0.0632,0.2422,0.024,0.9774,1
-1.0312,0.909,-7.0675,2.4136,1.301,0.2944,0.0327,0.0483,0.1341,0.8451,5.0,35.0,0.0,0.0,0.01,0.0209,0.0229,0.0718,0.001,0.9905,0
-2.1047,0.9147,-3.3868,0.2,1.0054,0.2941,0.0232,0.0413,0.069,0.5049,4.0,35.0,1.0,0.0,0.0075,0.0077,0.0073,0.0121,0.0052,0.9672,0
1.5094,1.2794,-15.6366,3.8847,1.3005,0.2945,0.0487,0.045,0.071,1.825,2.0,40.0,0.0,0.0,0.0029,0.0224,0.0858,0.1466,0.005,0.9192,1
2.828,1.5618,-17.556,3.7862,1.0638,0.3038,0.0276,0.0345,0.077,1.6422,2.0,40.0,2.0,0.0,0.0196,0.293,0.0589,0.4403,0.0022,1.0,1
-6.2905,6.7799,-29.8939,2.3071,1.5593,0.285,0.0595,0.0653,0.1277,3.5532,3.0,60.0,0.0,0.0,0.0297,0.5635,0.0047,0.7526,0.0095,0.7904,1
0.1184,0.9406,-6.478,4.184,0.4318,0.3117,0.0359,0.0296,0.08,1.108,6.0,35.0,2.0,0.0,0.0107,0.0463,0.006,0.028,0.0122,0.9731,0
6.9885,2.9623,13.1621,3.6361,0.9135,0.2916,0.052,0.0616,0.1481,1.9357,3.0,60.0,0.0,0.0,0.0798,0.0303,0.0476,0.5623,0.0422,1.0,1
1.7426,0.3924,-0.7472,1.9695,0.3999,0.3064,0.0301,0.0327,0.0797,1.2935,4.0,35.0,1.0,0.0,0.0161,0.0064,0.0167,0.058,0.0043,0.9654,0
5.0177,2.1915,4.9865,0.5014,1.9165,0.326,0.01,0.0359,0.1108,2.4444,2.0,35.0,0.0,0.0,0.001,0.0117,0.022,0.0046,0.01,0.9683,0
11.8301,1.096,-2.6541,0.4073,1.9113,0.3218,0.0284,0.0197,0.024,1.9442,4.0,60.0,0.0,0.0,0.1554,0.2193,0.05,0.0831,0.0043,0.998,1
-2.2327,1.1742,-0.8867,2.518,1.2826,0.3303,0.01,0.0492,0.0903,3.0221,2.0,35.0,0.0,0.0,0.0173,0.0458,0.02,0.0453,0.004,0.971,0
3.0665,2.318,-2.884,1.1643,1.5079,0.1707,0.0179,0.0753,0.1509,0.1692,2.0,40.0,0.0,0.0,0.021,0.0868,0.1141,0.1828,0.007,0.9424,1
-8.9958,3.0758,-22.0367,3.605,2.1898,0.3114,0.01,0.0385,0.1489,2.1787,1.0,20.0,1.0,0.0,0.0123,0.3147,0.0561,0.6169,0.0033,0.8725,1
-4.6687,3.0473,18.2742,2.4106,3.4055,0.3071,0.0232,0.1075,0.1836,2.3023,2.0,40.0,0.0,0.0,0.0168,0.0417,0.0123,0.6057,0.0427,0.9144,1
-2.6425,1.7919,-0.7593,1.1075,0.4531,0.2907,0.0346,0.0306,0.0888,0.7684,3.0,35.0,1.0,0.0,0.021,0.022,0.007,0.0323,0.0105,0.9784,0
-1.2275,2.7329,6.6672,3.6209,1.66,0.3504,0.0314,0.0333,0.1374,1.9228,1.0,20.0,0.0,0.0,0.0138,0.0003,0.0001,0.0158,0.0003,0.9895,0
2.196,2.7484,19.0689,2.8769,1.1966,0.315,0.0255,0.077,0.1541,0.9506,1.0,20.0,1.0,0.0,0.0468,0.06,0.0458,0.6842,0.0093,0.9248,1
13.6327,6.986,9.8477,6.5334,1.5824,0.303,0.01,0.0366,0.0484,1.2833,1.0,20.0,0.0,0.0,0.1122,0.0352,0.0273,0.0176,0.0067,0.5823,1
1.9959,2.755,5.9576,0.5871,1.3529,0.3343,0.0385,0.0597,0.1431,0.7745,6.0,35.0,0.0,0.0,0.0178,0.0149,0.0179,0.0301,0.0131,0.9753,0
-0.9103,1.7717,-9.9981,3.1258,0.5932,0.2941,0.0344,0.0356,0.0664,1.2447,3.0,60.0,1.0,0.0,0.0421,0.0921,0.0037,0.0821,0.0123,0.9,1
-35.0442,6.8885,-6.9084,2.7468,3.66,0.2865,0.0295,0.1021,0.1731,7.6039,3.0,60.0,1.0,0.0,0.0109,0.0283,0.4494,0.6374,0.0029,0.8622,1
-2.3973,1.8542,18.9554,3.9732,0.5572,0.281,0.01,0.056,0.1514,0.777,2.0,40.0,0.0,0.0,0.0992,0.0438,0.0519,0.6204,0.0197,0.8275,1
-1.3292,0.3,0.019,1.6711,0.5013,0.3039,0.0198,0.0386,0.1031,0.2562,1.0,20.0,2.0,0.0,0.0073,0.0138,0.0031,0.0298,0.0098,0.9845,0
-0.6876,2.7547,5.1567,0.82,0.2,0.3164,0.0237,0.0167,0.1075,0.7806,2.0,35.0,2.0,0.0,0.0149,0.0088,0.0054,0.0152,0.0005,0.9626,0
32.1261,5.1948,1.8377,2.6353,0.4324,0.3152,0.0377,0.01,0.139,1.1949,5.0,60.0,2.0,0.0,0.0015,0.0543,0.4325,0.5028,0.0025,0.7658,1
3.3959,2.9511,-0.231,2.7231,1.5902,0.2777,0.0481,0.029,0.0419,1.6399,4.0,35.0,0.0,0.0,0.053,0.0157,0.0115,0.0286,0.0028,0.9939,0
1.9541,2.076,4.6163,1.0793,1.3016,0.2717,0.0383,0.0319,0.0699,3.0361,5.0,35.0,0.0,0.0,0.0064,0.0053,0.0221,0.0228,0.0166,0.9859,0
1.6802,3.3832,6.799,2.7099,1.5831,0.334,0.045,0.0629,0.1133,0.438,2.0,35.0,0.0,0.0,0.0109,0.0389,0.0108,0.0436,0.0028,0.9753,0
-0.473,1.4309,-8.5396,1.0827,1.1346,0.2886,0.0225,0.0559,0.0616,2.3462,3.0,35.0,0.0,0.0,0.0069,0.0157,0.0346,0.0356,0.0007,0.997,1
-0.3486,2.2549,-4.4737,2.3701,1.2243,0.2831,0.0389,0.01,0.0177,4.6909,2.0,35.0,0.0,0.0,0.0085,0.0361,0.0079,0.0009,0.0023,0.9759,0
2.6834,2.1957,-5.0243,0.4493,0.6863,0.3414,0.0365,0.0541,0.1308,1.8366,4.0,35.0,1.0,0.0,0.0018,0.0112,0.0172,0.0448,0.0006,0.9923,0
-1.1899,3.9529,-0.6766,2.1348,1.189,0.2977,0.0384,0.0477,0.1339,2.409,4.0,35.0,0.0,0.0,0.0145,0.0148,0.0165,0.0495,0.0004,0.9761,0
30.3399,3.3225,-12.1904,1.1408,0.9882,0.2716,0.0232,0.0845,0.305,8.2285,5.0,60.0,1.0,0.0,0.0212,0.077,0.0647,0.8196,0.0,0.8794,1
-2.1206,3.0866,18.9902,1.8816,1.2872,0.3293,0.01,0.0367,0.1216,0.7535,3.0,60.0,0.0,0.0,0.0044,0.0336,0.0075,0.2635,0.0412,0.9413,1
-2.1337,0.9645,-5.4458,2.2791,1.0212,0.2913,0.0411,0.044,0.1017,1.2244,2.0,35.0,0.0,0.0,0.0018,0.0373,0.0027,0.0507,0.0044,0.9845,0
-1.1785,3.1073,-6.5426,3.5,2.0302,0.2786,0.0344,0.0712,0.1126,2.5741,5.0,35.0,0.0,0.0,0.0156,0.027,0.01,0.0117,0.011,0.9747,0
-5.474,3.575,-2.6286,6.0,1.9192,0.3061,0.0334,0.0422,0.1477,6.0,2.0,35.0,0.0,0.0,0.0288,0.0121,0.0015,0.0036,0.0085,0.9949,0
3.9363,2.0396,0.9829,4.9616,2.1781,0.35,0.0649,0.021,0.1034,5.6647,2.0,35.0,0.0,0.0,0.0249,0.001,0.009,0.0016,0.0013,0.9781,0
26.4265,7.4079,-3.3516,0.2,3.2055,0.3282,0.0268,0.1465,0.366,1.8375,2.0,40.0,2.0,0.0,0.0163,0.0432,0.2144,0.4393,0.0289,0.8727,1
-13.1348,7.3809,0.0659,2.7112,1.5284,0.3092,0.0447,0.0295,0.0564,3.4229,6.0,35.0,1.0,0.0,0.0067,0.0075,0.0227,0.0027,0.0075,0.9708,1
-3.3529,0.9598,-8.2398,0.9896,0.8753,0.2562,0.0381,0.0516,0.096,2.1936,5.0,60.0,1.0,0.0,0.099,0.0066,0.0651,0.1355,0.022,0.9509,1
0.1259,0.9748,-1.7595,1.5383,0.7526,0.3269,0.0104,0.0364,0.087,0.761,7.0,35.0,0.0,0.0,0.0218,0.0207,0.0154,0.0235,0.0078,0.993,0
2.9777,0.3,-8.9982,2.2469,0.2,0.2741,0.018,0.0411,0.135,3.075,3.0,60.0,0.0,0.0,0.0179,0.0697,0.014,0.1171,0.01,0.9357,1
0.6241,1.715,-3.5259,0.2,0.5298,0.356,0.0452,0.0575,0.0936,0.1,1.0,20.0,0.0,0.0,0.007,0.0295,0.0187,0.0245,0.0006,0.9656,0
4.4264,0.7639,-4.6854,0.5638,1.8465,0.334,0.0769,0.0569,0.0987,0.8992,5.0,60.0,1.0,0.0,0.0641,0.1114,0.0922,0.2243,0.005,0.9568,0
4.3993,5.4592,-13.2849,1.6471,1.6131,0.1888,0.0178,0.0685,0.1817,0.1,1.0,20.0,0.0,0.0,0.5487,0.0135,0.0154,0.1126,0.0404,0.9041,1
-1.31,0.3192,0.9664,1.0062,0.7633,0.3409,0.0202,0.01,0.0508,1.1848,3.0,35.0,1.0,0.0,0.0273,0.0268,0.0179,0.0291,0.0117,0.9993,0
-2.1198,0.308,-27.053,1.1406,1.2847,0.2999,0.0383,0.0714,0.1524,1.2071,3.0,60.0,1.0,0.0,0.023,0.3065,0.025,0.4654,0.0151,0.9171,1
2.3005,3.2767,-32.161,2.3904,1.7871,0.2564,0.0246,0.0498,0.102,3.5704,3.0,60.0,0.0,0.0,0.0104,0.5541,0.0702,0.4053,0.0073,0.9152,1
-9.7406,1.2551,-28.6168,2.0386,1.2899,0.2849,0.0317,0.0394,0.0994,0.1253,3.0,60.0,3.0,0.0,0.0167,0.6489,0.042,0.6725,0.0129,0.9476,1
-28.0421,6.1137,-6.1273,0.2,2.4716,0.2579,0.0294,0.1393,0.2837,8.3213,4.0,60.0,3.0,0.0,0.009,0.0646,0.4059,0.4971,0.0131,0.7785,1
-17.8472,4.9745,-0.8881,3.4337,2.899,0.2747,0.0668,0.187,0.4565,3.9221,5.0,60.0,3.0,0.0,0.0521,0.0199,0.1763,0.7768,0.0141,0.7391,1
0.4751,1.3259,-5.9219,3.0882,1.577,0.2617,0.0465,0.0238,0.0853,0.8067,3.0,60.0,1.0,0.0,0.0142,0.0036,0.0701,0.0775,0.0065,0.8921,1
1.7385,1.8617,4.9431,3.523,1.0595,0.2953,0.0637,0.0653,0.1113,2.3426,3.0,35.0,0.0,0.0,0.0136,0.0187,0.0072,0.0088,0.0001,0.9847,0
1.2604,1.8813,-6.4587,1.1269,0.9061,0.3013,0.0331,0.0561,0.1052,1.6797,6.0,35.0,0.0,0.0,0.013,0.0044,0.0167,0.0266,0.0114,0.9807,0
4.757,0.9055,1.6825,0.8224,0.3967,0.2874,0.0455,0.0654,0.097,0.9907,1.0,20.0,0.0,0.0,0.001,0.0349,0.0141,0.0166,0.0018,0.9576,0
17.8915,6.6512,-1.052,4.1421,2.2739,0.28,0.01,0.124,0.3455,5.0862,1.0,20.0,1.0,0.0,0.0091,0.059,0.4023,0.2513,0.014,0.7661,1
27.6552,9.4076,-2.1747,3.0326,1.5137,0.255,0.0552,0.0878,0.2903,0.1324,7.0,60.0,3.0,0.0,0.0161,0.0596,0.2828,0.5561,0.0052,0.8402,1
9.3121,2.1432,2.5818,0.7349,1.7383,0.1964,0.0319,0.01,0.0669,2.2838,1.0,20.0,0.0,1.0,0.4712,0.0249,0.0198,0.2843,0.167,0.9445,1
-0.1819,1.0537,5.3275,1.6656,1.1193,0.298,0.0445,0.0503,0.109,1.2816,1.0,20.0,0.0,0.0,0.0208,0.0054,0.0034,0.0081,0.0036,0.9695,0
-0.2416,2.7902,-4.7481,1.236,1.3679,0.3154,0.0139,0.0501,0.0652,2.6254,2.0,35.0,2.0,0.0,0.032,0.0019,0.0102,0.0351,0.0089,0.9866,0
15.0,5.5359,-3.5259,2.4331,1.2056,0.2747,0.0416,0.0451,0.1382,1.0201,3.0,35.0,1.0,0.0,0.0068,0.0102,0.0085,0.0061,0.009,0.9754,0
-0.8002,0.8501,1.8113,1.1004,0.2,0.3065,0.0164,0.0218,0.0731,0.9355,3.0,35.0,1.0,0.0,0.0004,0.038,0.0033,0.0218,0.0036,0.9819,0
25.0973,2.778,1.5625,2.0778,2.5814,0.3076,0.0458,0.0858,0.1699,1.6633,4.0,60.0,1.0,0.0,0.0359,0.0261,0.4668,0.3528,0.0014,1.0,1
15.6767,3.0874,-1.7267,2.0692,0.9898,0.3014,0.0324,0.0549,0.0591,4.9363,2.0,40.0,1.0,0.0,0.064,0.0025,0.0711,0.0444,0.0207,0.9287,1
-10.0437,2.9078,-6.8556,1.2936,0.253,0.2954,0.0367,0.0269,0.0648,2.5879,4.0,60.0,1.0,0.0,0.1004,0.2804,0.0549,0.1789,0.0059,0.9386,1
11.6942,3.2153,0.0833,2.3891,1.4457,0.2915,0.0399,0.0599,0.1052,1.8247,2.0,40.0,2.0,0.0,0.1075,0.0984,0.042,0.0215,0.0092,0.9143,1
-1.5754,1.0246,-1.3316,1.028,0.2,0.3173,0.0212,0.0297,0.0904,2.2314,5.0,35.0,0.0,0.0,0.0048,0.0189,0.0148,0.0397,0.0045,0.9745,0
3.0592,3.3008,-9.7211,2.9269,0.7225,0.2774,0.0416,0.0433,0.1153,2.0512,3.0,60.0,0.0,0.0,0.0754,0.1192,0.0127,0.1103,0.0052,0.9395,1
-0.7467,0.8999,-1.3397,1.8184,0.645,0.3196,0.0202,0.0465,0.1257,1.2704,4.0,35.0,0.0,0.0,0.0258,0.0212,0.0113,0.0286,0.0014,0.9742,0
-1.817,1.5625,-4.2343,1.1732,0.511,0.3053,0.0105,0.023,0.0847,0.9849,4.0,35.0,1.0,0.0,0.014,0.0016,0.0147,0.0091,0.0025,0.9572,0
2.7972,2.5195,-3.4292,1.8591,0.9431,0.3113,0.0391,0.0414,0.1532,0.3493,3.0,35.0,0.0,0.0,0.0166,0.029,0.0098,0.0084,0.0092,0.9913,0
-0.2656,2.0803,10.0,2.3709,0.2,0.2891,0.011,0.0434,0.0438,0.9284,1.0,20.0,0.0,0.0,0.01,0.0145,0.009,0.0079,0.0076,1.0,0
-24.4257,5.9641,0.5085,0.8948,2.3809,0.341,0.0406,0.0522,0.0955,3.5393,1.0,20.0,2.0,0.0,0.0308,0.0311,0.2636,0.1919,0.0183,0.8148,1
0.6353,2.0576,-2.0203,0.5792,1.0603,0.3185,0.0193,0.0243,0.095,1.3124,6.0,35.0,0.0,0.0,0.0027,0.0098,0.0106,0.0054,0.0004,0.9905,0
-2.9202,1.3089,3.3551,1.1966,1.1771,0.2958,0.0376,0.0357,0.0765,0.7197,4.0,35.0,0.0,0.0,0.0016,0.0328,0.0069,0.0506,0.0018,0.9496,0
-1.5893,1.9331,-19.8944,1.6129,1.8277,0.2784,0.0187,0.0524,0.1056,3.1405,5.0,60.0,0.0,0.0,0.0118,0.2809,0.0456,0.371,0.0135,0.9732,1
6.9396,3.8276,-26.2064,1.1171,0.3535,0.311,0.0329,0.0295,0.0375,0.2253,1.0,20.0,3.0,0.0,0.0327,0.2888,0.0791,0.3556,0.0135,0.9081,1
-4.1049,0.4746,-2.4129,2.9755,2.6954,0.2116,0.0437,0.0154,0.0996,1.6477,2.0,40.0,0.0,0.0,0.3859,0.0399,0.0089,0.2846,0.2437,0.9057,1
3.9779,3.3441,4.4238,3.2329,1.3066,0.2965,0.0577,0.0598,0.0977,2.7974,3.0,35.0,0.0,0.0,0.0234,0.0087,0.0139,0.0332,0.0011,0.9858,0
7.562,4.8869,-14.138,2.161,1.2529,0.2471,0.0283,0.0197,0.0375,3.6974,4.0,60.0,0.0,0.0,0.0389,0.6118,0.0205,0.8182,0.0131,1.0,1
4.6572,2.2876,-4.3592,1.218,0.2814,0.2906,0.0315,0.0301,0.0488,1.8919,3.0,35.0,0.0,0.0,0.0211,0.0014,0.0059,0.0174,0.0106,0.9785,1
26.3133,3.6471,-2.468,2.1717,2.2725,0.2377,0.038,0.0449,0.19,1.7157,4.0,60.0,2.0,0.0,0.0075,0.0387,0.4176,0.5401,0.0157,0.8087,1
2.809,1.1232,-2.8374,2.9393,2.3644,0.2901,0.0323,0.0454,0.1781,1.9046,4.0,35.0,1.0,0.0,0.0001,0.0071,0.0131,0.0185,0.0077,0.9796,0
1.3646,1.2014,-8.8746,1.4382,2.1411,0.2648,0.0763,0.0349,0.0901,0.86,2.0,40.0,0.0,0.0,0.0081,0.0835,0.0268,0.1219,0.0163,0.9327,1
1.5648,2.5959,-4.6035,1.8664,0.9102,0.3283,0.0319,0.0659,0.1226,0.3128,6.0,35.0,0.0,0.0,0.0288,0.0086,0.0218,0.0427,0.0072,0.9876,0
-2.9249,3.0972,5.6016,1.5026,1.5459,0.2698,0.0428,0.0591,0.1703,1.0292,2.0,35.0,0.0,0.0,0.01,0.03,0.0255,0.0264,0.0111,0.982,0
-3.359,1.6388,-0.6545,1.4504,0.3147,0.2533,0.0249,0.01,0.0452,1.3106,5.0,60.0,2.0,0.0,0.0925,0.1747,0.0014,0.2497,0.0227,0.939,1
0.7683,2.9675,-1.9617,2.0529,1.1995,0.2918,0.0281,0.0407,0.0938,2.2331,4.0,35.0,0.0,0.0,0.0097,0.0228,0.0118,0.0248,0.0064,0.9656,0
-7.0402,2.9292,2.6175,1.5561,0.3103,0.2999,0.0405,0.0239,0.0397,2.2866,5.0,35.0,0.0,0.0,0.0273,0.0087,0.0095,0.0017,0.0028,1.0,0
-4.4679,0.8014,-4.4615,1.5605,0.2,0.2439,0.0386,0.023,0.067,0.5641,4.0,60.0,1.0,0.0,0.0029,0.1764,0.0047,0.017,0.0075,0.9425,1
-1.4245,2.038,-5.9249,1.1432,0.5849,0.269,0.0492,0.0691,0.147,1.2477,4.0,60.0,0.0,0.0,0.0655,0.1745,0.0172,0.2561,0.0164,1.0,1
-1.0828,0.8753,-7.6549,3.2103,0.7759,0.2769,0.0367,0.0472,0.098,0.4443,2.0,35.0,0.0,0.0,0.0063,0.0051,0.0002,0.0081,0.015,0.9804,0
-0.5305,2.0648,-2.2291,1.5306,0.2869,0.296,0.044,0.0298,0.0591,1.8176,5.0,35.0,1.0,0.0,0.0015,0.0057,0.0131,0.0339,0.0025,0.9826,0
-2.005,1.9389,-8.1753,0.2,1.1002,0.3122,0.0339,0.01,0.0337,0.162,6.0,35.0,0.0,0.0,0.0288,0.0242,0.001,0.0027,0.0068,0.9673,0
2.8366,0.5126,6.8072,1.3604,2.0908,0.2916,0.0361,0.0377,0.0826,0.4687,4.0,60.0,0.0,0.0,0.0345,0.0639,0.073,0.0562,0.0075,0.977,0
2.2221,2.3972,15.7041,4.2542,0.8019,0.2798,0.0616,0.01,0.0592,1.4507,2.0,40.0,0.0,0.0,0.0516,0.0092,0.0008,0.4442,0.0224,0.8993,1
-2.4072,0.6463,-0.5997,2.161,1.2932,0.2756,0.0159,0.0151,0.0266,1.2169,4.0,60.0,0.0,0.0,0.021,0.2932,0.0396,0.231,0.0085,0.935,1
6.1622,1.1596,1.824,1.175,1.3123,0.2892,0.0436,0.0721,0.0878,2.2918,3.0,35.0,0.0,0.0,0.0034,0.0279,0.0191,0.0314,0.009,0.9688,0
-2.9294,1.8798,0.0201,1.3965,1.0871,0.3035,0.0214,0.01,0.1044,0.9102,5.0,35.0,0.0,0.0,0.0249,0.0379,0.0094,0.0002,0.0043,0.9466,0
-4.328,2.696,-2.8967,1.4658,1.1806,0.2896,0.0347,0.0346,0.1101,0.2018,3.0,35.0,0.0,0.0,0.0165,0.0171,0.0029,0.0058,0.0044,0.9666,0
-0.3139,1.2851,-1.641,1.6979,0.3818,0.3495,0.029,0.0393,0.0728,0.2151,5.0,35.0,0.0,0.0,0.0304,0.0071,0.0058,0.0478,0.0146,0.9801,0
-0.7067,2.2214,1.1558,1.7992,1.4364,0.2827,0.0563,0.0737,0.1519,1.8699,1.0,20.0,0.0,0.0,0.0041,0.0063,0.009,0.0299,0.0022,0.9818,0
-1.1526,1.6209,-32.4766,2.181,0.9677,0.2812,0.0297,0.0433,0.0986,2.4994,1.0,20.0,0.0,0.0,0.0193,0.5457,0.0025,0.7163,0.0172,0.8112,1
-3.2754,0.9241,-0.3696,4.0457,1.5182,0.3061,0.0241,0.0625,0.119,2.0142,2.0,35.0,0.0,0.0,0.0036,0.0015,0.0173,0.0108,0.0078,0.9903,0
4.578,1.2223,-19.6528,2.5721,1.9822,0.304,0.0446,0.055,0.1125,2.4262,3.0,60.0,0.0,0.0,0.0126,0.6305,0.0495,0.3698,0.0008,0.746,1
0.8901,1.8924,-11.4295,0.3845,0.578,0.3087,0.0156,0.0533,0.1449,1.2089,3.0,60.0,1.0,0.0,0.1216,0.0484,0.0149,0.2204,0.0158,0.962,1
0.2789,1.8565,4.5589,1.8589,1.9589,0.2936,0.0253,0.0287,0.1108,1.8296,4.0,35.0,0.0,0.0,0.0203,0.0071,0.0002,0.0037,0.0029,0.995,0
2.195,1.4162,9.4413,0.3944,2.7499,0.2874,0.01,0.0194,0.0362,0.6039,6.0,60.0,0.0,0.0,0.0445,0.0439,0.085,0.6662,0.0488,0.8487,1
1.1834,1.579,-4.1307,4.5754,1.4356,0.2935,0.048,0.0239,0.0246,1.2903,1.0,20.0,0.0,0.0,0.0103,0.0351,0.0133,0.0156,0.0091,0.9468,0
-0.1859,1.78,-4.4262,0.9124,0.6198,0.3004,0.0301,0.0426,0.0556,2.0223,3.0,35.0,2.0,0.0,0.0079,0.003,0.008,0.0283,0.0048,0.9676,0
1.341,2.1739,-6.1794,1.4657,1.8899,0.3113,0.0523,0.0451,0.0866,1.4621,6.0,60.0,2.0,0.0,0.0096,0.1782,0.017,0.1459,0.0183,0.9937,1
-0.3928,3.1282,-7.6275,1.6942,1.5051,0.2991,0.0507,0.0199,0.0588,1.3931,4.0,35.0,0.0,0.0,0.0027,0.0115,0.0169,0.0343,0.0037,1.0,0
-0.2343,1.4726,-0.3713,1.269,1.0059,0.3105,0.01,0.0162,0.0532,1.436,2.0,35.0,0.0,0.0,0.0197,0.0049,0.0208,0.0,0.0013,1.0,0
2.3427,0.8235,-3.2767,1.1061,1.5876,0.2618,0.0144,0.0653,0.1381,0.4848,3.0,60.0,2.0,0.0,0.0808,0.0228,0.0187,0.17,0.0174,0.9609,1
-0.8479,2.848,-7.3762,4.8511,2.3173,0.2959,0.0196,0.0465,0.114,2.2985,3.0,60.0,1.0,0.0,0.0255,0.4449,0.0511,0.1,0.0236,0.7751,1
2.5209,2.7492,13.4393,2.6828,1.2708,0.3633,0.0316,0.0635,0.113,0.6163,1.0,20.0,1.0,0.0,0.0531,0.014,0.003,0.5896,0.01,0.8822,1
4.8542,0.7867,18.4807,2.4287,1.3026,0.2647,0.0332,0.0197,0.0543,0.8875,2.0,40.0,1.0,0.0,0.0477,0.0164,0.0191,0.5481,0.0091,0.9819,1
-2.0435,3.2161,-4.8521,2.658,0.8516,0.2611,0.0327,0.0369,0.0841,1.5031,3.0,60.0,1.0,0.0,0.0016,0.1829,0.0195,0.129,0.0068,0.9695,1
0.355,1.2463,5.5283,1.4613,1.1414,0.2663,0.0158,0.0502,0.0704,3.9051,1.0,20.0,0.0,0.0,0.0103,0.0045,0.001,0.0008,0.0,0.9757,0
3.7309,0.959,-12.072,2.9076,1.074,0.2455,0.01,0.0533,0.1284,0.6505,5.0,60.0,0.0,0.0,0.0089,0.0552,0.0011,0.0707,0.0087,0.9478,1
-3.3132,2.5769,-0.0371,1.739,0.5225,0.3168,0.0172,0.0582,0.106,1.1725,2.0,35.0,0.0,0.0,0.0056,0.0267,0.006,0.0166,0.0083,1.0,0
0.7667,1.488,1.9314,0.7222,0.8584,0.3014,0.0157,0.0838,0.0984,1.6761,1.0,20.0,0.0,0.0,0.0163,0.0024,0.0159,0.0146,0.0108,1.0,0
-1.2211,1.8031,13.958,5.8257,2.0404,0.2578,0.0263,0.0493,0.065,0.4264,3.0,60.0,0.0,0.0,0.0675,0.0202,0.0158,0.1,0.0444,0.9235,1
1.3098,1.4677,-4.014,0.4009,0.5469,0.3329,0.0112,0.0274,0.0638,1.4756,5.0,35.0,0.0,0.0,0.0317,0.0074,0.0209,0.009,0.0058,0.9834,1
-4.8631,2.3336,16.4611,1.7905,1.6868,0.3076,0.0288,0.0439,0.0493,0.1274,2.0,40.0,0.0,0.0,0.0128,0.0185,0.0326,0.6736,0.0231,0.9095,1
0.8052,2.251,-7.4845,3.1857,0.6804,0.2969,0.0403,0.0204,0.049,3.21,2.0,35.0,0.0,0.0,0.0183,0.0408,0.0161,0.0295,0.0077,0.9639,1
-4.4334,2.5336,-4.1177,2.1329,0.8784,0.3505,0.0361,0.0114,0.0429,1.3647,2.0,35.0,0.0,0.0,0.0105,0.0101,0.0124,0.0001,0.0147,0.981,0
-4.8583,4.8756,-7.1487,3.805,3.3181,0.3093,0.0155,0.0839,0.167,5.4957,5.0,35.0,2.0,0.0,0.0116,0.0066,0.0138,0.0239,0.0068,0.9794,1
0.7627,2.0193,-2.2603,1.287,0.667,0.3163,0.0173,0.055,0.0875,1.4197,1.0,20.0,1.0,0.0,0.0258,0.0115,0.0077,0.028,0.0164,0.9536,1
-19.4538,0.6125,-0.3895,1.9243,2.211,0.2198,0.074,0.0842,0.3409,0.8223,4.0,60.0,3.0,0.0,0.0227,0.037,0.0998,0.6134,0.0016,0.7882,1
-2.2486,0.3457,-5.4786,0.6722,0.9579,0.2995,0.0319,0.0656,0.113,3.1633,2.0,35.0,0.0,0.0,0.0019,0.024,0.0124,0.0089,0.0045,1.0,0
-1.8354,2.3934,17.9654,3.5539,1.3555,0.2558,0.0336,0.0712,0.0921,0.9273,5.0,60.0,0.0,0.0,0.0215,0.0497,0.0347,0.4343,0.0199,0.9661,1
1.8327,1.4079,0.996,0.4481,1.3265,0.3172,0.0361,0.0144,0.0667,0.368,3.0,35.0,2.0,0.0,0.0071,0.0133,0.0187,0.0299,0.0058,0.9855,0
0.258,1.4148,-21.2864,4.6909,1.7514,0.3287,0.01,0.0495,0.08,0.6866,5.0,60.0,1.0,0.0,0.013,0.6187,0.0346,0.771,0.029,0.9532,1
-3.9402,1.7356,-3.4223,1.3654,0.7043,0.3009,0.0209,0.0403,0.0824,1.3506,6.0,35.0,0.0,0.0,0.0343,0.0116,0.001,0.0066,0.0041,0.9938,0
-21.8209,4.3456,-1.3415,3.8963,1.4732,0.3178,0.0289,0.0635,0.3507,5.6399,4.0,60.0,2.0,0.0,0.0353,0.0785,0.0955,0.7669,0.0255,0.9001,1
2.5484,0.3335,-19.5806,1.7456,1.1329,0.267,0.019,0.0223,0.0604,1.7691,3.0,60.0,3.0,0.0,0.0011,0.5753,0.0532,0.3582,0.0126,0.7273,1
-1.7188,1.4922,-3.6792,1.1735,0.392,0.2393,0.0381,0.0111,0.0436,0.5699,1.0,20.0,1.0,0.0,0.0718,0.0565,0.0047,0.1526,0.0155,0.953,1
5.5818,3.522,-19.253,3.2519,2.0462,0.294,0.0107,0.0627,0.1367,1.4565,1.0,20.0,1.0,0.0,0.0265,0.4619,0.0356,0.7144,0.034,0.8918,1
0.025,2.921,-4.3372,1.5294,0.6482,0.3354,0.0294,0.019,0.0636,0.1147,4.0,35.0,0.0,0.0,0.0196,0.0259,0.0137,0.023,0.0006,0.9693,1
-2.8354,1.7804,-7.0168,1.136,1.6405,0.2489,0.0531,0.0554,0.1408,0.1935,7.0,60.0,0.0,0.0,0.1206,0.1011,0.0394,0.0031,0.0014,0.9515,1
14.6962,5.6933,-0.541,1.4027,0.4796,0.2981,0.0345,0.0299,0.0818,5.846,3.0,60.0,0.0,0.0,0.1037,0.1251,0.0184,0.1542,0.0,0.9632,1
-3.0739,2.0999,4.4422,3.4967,0.903,0.29,0.0572,0.0559,0.154,2.0887,2.0,35.0,0.0,0.0,0.0133,0.0199,0.0219,0.057,0.0092,0.9974,1
-0.8878,0.7394,-3.0618,2.9833,1.3479,0.2846,0.01,0.037,0.0637,1.4312,2.0,35.0,0.0,0.0,0.0337,0.0024,0.0009,0.033,0.0059,0.9482,0
1.6053,1.505,-2.8841,1.1627,0.3518,0.2797,0.0339,0.0438,0.1219,2.0883,2.0,35.0,1.0,0.0,0.0215,0.0204,0.0325,0.0609,0.0084,0.9885,0
11.8943,3.7616,0.81,1.5597,0.7545,0.3016,0.0448,0.0408,0.0529,3.1644,5.0,60.0,0.0,0.0,0.1229,0.1693,0.0475,0.1235,0.0084,0.9863,1
0.739,1.2918,-5.8462,1.3646,1.628,0.3115,0.0469,0.0482,0.0799,1.3663,3.0,35.0,0.0,0.0,0.0125,0.027,0.0083,0.023,0.0045,0.992,0
5.9643,0.3051,1.5089,0.2,3.3206,0.1466,0.0222,0.0306,0.1944,0.7159,1.0,20.0,0.0,0.0,0.317,0.0111,0.0304,0.1354,0.158,0.9275,1
-14.2373,1.9846,-4.099,3.4308,2.8092,0.3388,0.0604,0.0141,0.0778,3.9544,3.0,35.0,0.0,0.0,0.0461,0.0062,0.0029,0.0529,0.0019,0.9859,0
0.3639,1.228,-16.6415,5.5721,1.4827,0.2895,0.01,0.0291,0.0582,0.7128,2.0,40.0,0.0,0.0,0.0091,0.4525,0.0013,0.6577,0.0133,0.9065,1
6.7708,4.9416,-2.9771,1.5926,1.5208,0.299,0.0336,0.0171,0.0628,0.136,3.0,60.0,2.0,0.0,0.0153,0.0719,0.035,0.1206,0.0147,0.9615,1
0.8198,2.3326,-24.9272,2.5637,2.6996,0.3449,0.0232,0.0484,0.0732,3.1515,2.0,40.0,0.0,0.0,0.06,0.2788,0.0436,0.647,0.0063,0.8283,1
2.6854,1.2377,-2.6195,1.6653,2.0646,0.3002,0.0535,0.0749,0.1559,1.0789,4.0,60.0,0.0,0.0,0.0372,0.0885,0.0675,0.118,0.0133,0.9103,1
-6.459,2.2871,-7.5257,1.6919,0.8748,0.29,0.0295,0.0288,0.0312,4.3243,2.0,35.0,0.0,0.0,0.0051,0.0084,0.0246,0.0254,0.0078,0.9841,0
0.5315,1.3651,0.5813,0.5041,1.5326,0.263,0.058,0.0429,0.1138,1.1056,4.0,60.0,0.0,0.0,0.1658,0.1462,0.0579,0.061,0.0066,0.9953,1
-3.1901,3.0216,-8.168,1.4499,0.5452,0.3152,0.0207,0.01,0.0377,2.4615,2.0,35.0,0.0,0.0,0.0417,0.0029,0.0068,0.0127,0.0029,0.9893,0
-1.9321,1.3105,-4.2134,1.2491,1.7259,0.2727,0.0369,0.01,0.0436,2.3712,4.0,35.0,0.0,0.0,0.0007,0.0202,0.0027,0.0243,0.0052,0.9702,0
-0.3484,1.3719,5.0603,2.9194,1.153,0.3046,0.01,0.0416,0.1317,1.3766,2.0,35.0,2.0,0.0,0.0373,0.017,0.0214,0.0245,0.0011,0.973,0
6.9115,2.5984,16.6145,3.7453,2.6365,0.2515,0.0215,0.043,0.0639,0.7878,1.0,20.0,0.0,0.0,0.0145,0.024,0.0315,0.6726,0.0292,0.936,1
-1.3146,0.3,16.5808,2.1805,1.3593,0.3222,0.0257,0.1342,0.2265,1.024,1.0,20.0,0.0,0.0,0.0431,0.0095,0.0597,0.5319,0.0184,0.9092,1
-6.2018,3.3803,-4.4268,3.088,0.2,0.3053,0.0547,0.0709,0.0786,3.0164,6.0,60.0,1.0,0.0,0.0126,0.1663,0.0922,0.1089,0.0019,0.9795,1
-0.2523,1.396,-2.8709,0.9062,0.8479,0.3135,0.0381,0.01,0.0698,1.3967,3.0,35.0,0.0,0.0,0.0212,0.0019,0.0205,0.0189,0.0108,0.9707,0
-3.2628,3.0439,-7.9078,1.1496,0.4826,0.241,0.0521,0.0408,0.1473,1.8083,4.0,60.0,1.0,0.0,0.1419,0.1401,0.0501,0.1222,0.0005,0.9385,1
16.482,5.8603,1.8867,2.8149,2.7103,0.2884,0.0124,0.0247,0.2682,7.6469,6.0,60.0,1.0,0.0,0.0168,0.067,0.1288,0.776,0.0041,0.7645,1
0.29,2.4733,2.9106,2.5246,0.9984,0.3054,0.0173,0.0362,0.0759,1.4256,2.0,35.0,0.0,0.0,0.0127,0.0182,0.0092,0.0141,0.0008,0.985,0
-4.4526,0.6637,26.5052,3.6081,0.8151,0.3364,0.0127,0.0459,0.096,1.1459,1.0,20.0,0.0,0.0,0.0225,0.0125,0.0701,0.7756,0.0061,0.7779,1
-5.8825,4.7138,-12.6844,3.3178,1.1111,0.3081,0.0388,0.0289,0.1134,1.3633,1.0,20.0,1.0,0.0,0.0417,0.5706,0.0052,0.4194,0.022,0.9019,1
0.6225,2.4457,-3.7295,0.8953,0.4379,0.3021,0.01,0.0425,0.0999,2.8926,2.0,35.0,1.0,0.0,0.0406,0.0122,0.0151,0.024,0.0077,0.9782,0
1.6453,3.1349,-6.7805,3.6312,1.5821,0.2284,0.0146,0.1129,0.4,2.3772,6.0,60.0,0.0,1.0,0.1288,0.0219,0.0253,0.0229,0.2749,1.0,1
32.6067,3.2081,-7.4777,1.7498,1.9176,0.2815,0.0654,0.1108,0.3035,5.666,3.0,60.0,1.0,0.0,0.0039,0.0092,0.3423,0.319,0.0117,0.8306,1
-6.1295,2.0492,11.161,2.5476,1.7563,0.2357,0.0403,0.0149,0.074,0.4725,2.0,40.0,1.0,0.0,0.0396,0.0381,0.0345,0.6864,0.0283,0.9204,1
-6.0808,3.19,-10.3941,2.4159,0.5662,0.3152,0.0353,0.0364,0.095,0.2583,4.0,60.0,2.0,0.0,0.0758,0.1149,0.0373,0.2066,0.0223,0.937,1
2.9672,2.5761,-3.848,1.3752,0.9783,0.3224,0.0212,0.0764,0.1542,2.2621,5.0,35.0,0.0,0.0,0.0054,0.0079,0.0065,0.0283,0.0042,0.9794,0
15.0,3.98,-3.8096,1.5212,1.4446,0.2975,0.0464,0.0223,0.1371,6.0,4.0,35.0,2.0,0.0,0.0016,0.0087,0.0078,0.0499,0.0083,0.9792,1
4.6468,3.4862,-10.8502,2.4966,1.7423,0.3578,0.0406,0.0245,0.0443,5.1625,5.0,35.0,0.0,0.0,0.007,0.0147,0.0154,0.002,0.0019,0.9552,0
2.652,2.2196,-5.5456,0.5484,0.5195,0.3295,0.0142,0.0479,0.1088,2.4301,4.0,35.0,0.0,0.0,0.0044,0.0077,0.0046,0.0163,0.0008,1.0,0
1.4817,1.9082,2.4755,1.602,1.5215,0.2446,0.0511,0.0394,0.0998,1.0107,3.0,60.0,0.0,0.0,0.0809,0.0772,0.0745,0.1289,0.0061,0.9969,1
-1.1417,1.5576,0.4358,1.3157,1.0113,0.304,0.0292,0.039,0.0978,1.2632,6.0,35.0,0.0,0.0,0.0156,0.0511,0.0067,0.0463,0.012,0.9942,0
-14.431,3.6625,2.544,3.281,2.6022,0.3218,0.0433,0.0711,0.2879,3.8539,4.0,60.0,1.0,0.0,0.0011,0.004,0.3453,0.4204,0.0038,0.8347,1
5.6345,3.1351,12.2371,1.2615,1.8662,0.2542,0.0305,0.0258,0.0756,0.4849,1.0,20.0,1.0,0.0,0.0534,0.0096,0.0037,0.7386,0.0394,0.7892,1
-6.7257,1.2822,-3.5606,1.6016,0.7733,0.3244,0.0192,0.0452,0.1222,0.3205,7.0,35.0,1.0,0.0,0.01,0.0024,0.0082,0.0217,0.0072,1.0,0
2.8289,3.9757,-17.8462,3.413,1.5442,0.3079,0.0404,0.01,0.0478,0.7051,1.0,20.0,0.0,0.0,0.0174,0.4652,0.0233,0.655,0.0029,0.9192,1
-3.3393,1.947,-13.946,1.2484,1.6306,0.253,0.0402,0.0699,0.1444,2.3982,3.0,60.0,0.0,0.0,0.0524,0.103,0.0339,0.0642,0.0098,0.9519,0
0.3779,2.4708,1.8878,2.0207,1.121,0.2882,0.0578,0.0218,0.1526,2.6774,1.0,20.0,0.0,0.0,0.0075,0.0159,0.0001,0.0206,0.0044,0.9689,0
-4.6338,3.1523,-5.2449,2.1334,1.0927,0.3126,0.0164,0.0178,0.0708,0.4512,3.0,35.0,2.0,0.0,0.0045,0.0272,0.0041,0.0302,0.0083,0.9969,0
-2.2853,1.4502,2.0542,2.2681,1.6291,0.299,0.0402,0.0529,0.0974,0.8746,1.0,20.0,0.0,0.0,0.0171,0.0005,0.0076,0.0293,0.0076,0.9638,0
0.2409,1.938,-5.8209,1.9581,1.3726,0.2955,0.0319,0.0528,0.0865,1.8853,4.0,35.0,0.0,0.0,0.0169,0.0065,0.0194,0.0066,0.0042,1.0,0
-1.745,0.9852,-6.9478,1.2761,1.017,0.2846,0.0335,0.01,0.0533,3.5002,1.0,20.0,0.0,0.0,0.0284,0.0081,0.0267,0.0284,0.0015,0.9792,0
1.1146,0.3,-4.8011,1.4468,0.9642,0.3343,0.0286,0.0481,0.0986,0.7104,1.0,20.0,0.0,0.0,0.0126,0.0007,0.0062,0.0326,0.0037,0.9884,0
4.7971,1.7251,-13.328,1.3115,0.8316,0.2899,0.0498,0.0414,0.0565,0.7703,8.0,60.0,1.0,0.0,0.1075,0.0753,0.0098,0.0815,0.0113,0.9362,1
1.0466,3.8222,22.5652,3.4868,0.9507,0.2535,0.0177,0.0565,0.0977,1.8016,1.0,20.0,0.0,0.0,0.007,0.0398,0.0463,0.3672,0.0371,0.7702,1
-4.106,3.0255,-3.5008,3.3377,1.484,0.29,0.0104,0.0292,0.0737,1.9338,4.0,35.0,0.0,0.0,0.0037,0.0159,0.0073,0.006,0.0089,0.9683,0
-15.0,3.8689,-2.3972,3.0116,0.5278,0.2897,0.0262,0.0305,0.1159,2.8991,6.0,35.0,1.0,0.0,0.0277,0.0026,0.0004,0.0216,0.0042,0.9709,0
-2.8647,2.451,-1.6701,1.9025,0.9877,0.2743,0.0143,0.01,0.01,0.4468,2.0,40.0,0.0,0.0,0.0405,0.048,0.0347,0.1354,0.0074,0.9291,1
0.4414,3.0179,-8.2889,2.5646,0.4469,0.3005,0.024,0.0435,0.1101,0.8438,4.0,60.0,1.0,0.0,0.1099,0.0586,0.0476,0.1336,0.0048,0.9339,1
11.8474,1.3899,-1.5735,0.2,1.5287,0.3131,0.0137,0.0438,0.1093,4.4105,1.0,20.0,0.0,0.0,0.1351,0.0342,0.0289,0.1706,0.0017,0.942,1
-2.0721,0.6678,7.3687,4.6577,2.2449,0.3197,0.0235,0.01,0.0587,0.9253,1.0,20.0,0.0,0.0,0.0219,0.0331,0.0062,0.6181,0.012,0.9472,1
4.5249,2.3601,16.5414,0.6995,1.6594,0.2663,0.0306,0.0397,0.0759,1.0226,4.0,60.0,1.0,0.0,0.0465,0.06,0.036,0.9425,0.0287,0.9192,1
0.0402,1.735,-2.3448,1.1682,0.2299,0.3281,0.0445,0.0151,0.0399,0.574,4.0,35.0,0.0,0.0,0.0163,0.0227,0.0153,0.0154,0.01,0.9941,0
-0.7206,1.5984,6.7094,1.7282,0.6116,0.3165,0.0449,0.0722,0.1459,0.3177,3.0,60.0,0.0,0.0,0.0124,0.0224,0.0256,0.9157,0.037,0.9487,1
-0.9401,1.3595,-1.8734,0.9669,1.3299,0.3151,0.0214,0.0203,0.0752,0.8913,3.0,35.0,1.0,0.0,0.0313,0.001,0.0087,0.0402,0.0016,0.9919,0
-8.426,3.1596,-21.1598,3.7907,1.039,0.2398,0.0155,0.0664,0.0964,1.3369,2.0,40.0,0.0,0.0,0.0061,0.3758,0.072,0.636,0.0225,0.9959,1
-2.4401,2.709,-9.4579,1.1633,1.2914,0.2204,0.042,0.0392,0.104,1.3015,4.0,60.0,1.0,0.0,0.1156,0.032,0.078,0.0363,0.0036,0.9536,1
-3.4891,0.7858,-1.3671,0.9425,0.2553,0.343,0.024,0.0306,0.0786,0.5272,4.0,35.0,0.0,0.0,0.0034,0.0186,0.0249,0.0345,0.0096,0.9722,0
13.752,6.04,-4.3524,4.5863,0.7641,0.3192,0.0532,0.107,0.1235,2.2623,6.0,35.0,0.0,0.0,0.0141,0.0027,0.0119,0.0518,0.0041,0.9709,0
-1.1932,0.5728,-8.4165,2.3614,0.5312,0.2721,0.0441,0.01,0.0731,1.6855,4.0,60.0,1.0,0.0,0.0163,0.0088,0.1087,0.1154,0.0133,0.9773,1
4.6375,1.0277,-2.8277,4.3596,2.5614,0.3038,0.0209,0.0693,0.126,1.687,5.0,35.0,0.0,0.0,0.0078,0.0051,0.0166,0.0302,0.0063,0.994,0
-1.3116,1.5558,-9.4697,2.3793,1.2412,0.2516,0.0293,0.0986,0.1026,0.2993,2.0,40.0,0.0,0.0,0.3854,0.0168,0.0347,0.2282,0.0995,0.8902,1
-0.0084,2.2232,-2.9815,0.9679,0.2279,0.3274,0.0138,0.0258,0.0584,1.1685,3.0,35.0,0.0,0.0,0.0315,0.0143,0.0044,0.015,0.0132,0.9765,0
-0.775,1.6275,-2.3787,0.2948,0.3107,0.2908,0.0351,0.01,0.0528,0.8404,3.0,35.0,1.0,0.0,0.0034,0.0192,0.0104,0.017,0.0165,0.9584,0
-2.2974,1.0982,-11.054,2.0995,0.946,0.2943,0.04,0.0317,0.1038,3.1382,4.0,60.0,0.0,0.0,0.1073,0.1386,0.0748,0.2428,0.0171,0.9972,1
10.844,1.7418,4.5304,1.3506,1.3771,0.2952,0.0338,0.0864,0.1817,1.9367,1.0,20.0,0.0,0.0,0.0505,0.0065,0.021,0.0488,0.0061,0.9674,0
0.203,1.2027,-8.9188,3.3969,1.0118,0.3166,0.0636,0.0906,0.105,0.8169,3.0,60.0,1.0,0.0,0.1393,0.1502,0.0019,0.0711,0.0096,0.9053,1
-2.4418,0.752,-8.1341,1.9432,1.4075,0.2484,0.01,0.0393,0.1183,0.1051,3.0,60.0,0.0,0.0,0.039,0.0279,0.0652,0.1335,0.0229,0.9484,1
1.5592,0.7556,-3.1001,2.6143,1.6317,0.3161,0.0383,0.01,0.043,1.8305,4.0,35.0,0.0,0.0,0.0059,0.0169,0.0057,0.0224,0.0026,0.9675,0
-0.3985,2.2664,-16.2364,3.5303,0.2,0.3172,0.0373,0.0141,0.0536,0.1,2.0,40.0,1.0,0.0,0.0133,0.4599,0.0184,0.5674,0.0092,0.8825,1
-7.1488,1.1791,-11.6731,1.3265,4.7443,0.2313,0.0422,0.0503,0.093,0.8543,1.0,20.0,0.0,0.0,0.4682,0.0323,0.0343,0.0074,0.0493,0.9667,1
-0.3261,0.7531,-2.3504,0.9277,0.4623,0.3138,0.01,0.0332,0.0732,0.5097,4.0,35.0,1.0,0.0,0.0141,0.0014,0.0023,0.0012,0.0091,0.9771,0
-4.4587,5.9093,-9.7275,2.1781,2.8645,0.2114,0.0437,0.0741,0.1693,2.1153,3.0,60.0,0.0,0.0,0.0205,0.5172,0.0233,0.7269,0.0121,1.0,1
4.0144,1.9351,3.6238,2.9859,2.0947,0.294,0.044,0.0836,0.0873,1.11,6.0,35.0,1.0,0.0,0.0178,0.0033,0.0012,0.0082,0.0127,0.9706,0
6.6298,4.7173,-17.2691,1.233,2.1266,0.2739,0.0241,0.0229,0.0678,1.0614,3.0,60.0,1.0,0.0,0.0244,0.6607,0.0212,0.3525,0.0101,0.9417,1
-2.4044,3.06,12.3622,4.3818,0.4125,0.3065,0.0116,0.025,0.0645,2.2165,4.0,60.0,0.0,0.0,0.031,0.0238,0.068,0.7043,0.0204,1.0,1
-6.4285,8.0,-6.7886,2.6473,1.9164,0.2897,0.0187,0.0225,0.1121,2.1093,4.0,35.0,0.0,0.0,0.0121,0.0043,0.0116,0.0024,0.0058,1.0,0
1.1822,1.3531,4.29,2.4313,0.6078,0.282,0.0477,0.0505,0.1039,2.458,5.0,35.0,0.0,0.0,0.0028,0.0089,0.0103,0.0085,0.0055,0.9983,1
3.4351,0.8669,-2.7789,0.9288,2.1883,0.3024,0.049,0.0463,0.1029,1.0603,3.0,60.0,2.0,0.0,0.0997,0.0722,0.0524,0.3,0.0127,0.9936,1
6.2223,5.4631,-20.3146,2.3935,1.2625,0.2689,0.0337,0.0509,0.1379,2.0302,1.0,20.0,1.0,0.0,0.0511,0.2387,0.0522,0.4219,0.0012,0.9116,1
-0.4242,4.2197,-6.0652,2.2573,2.5122,0.2085,0.0104,0.1785,0.5077,2.1398,4.0,60.0,1.0,1.0,0.1329,0.0177,0.0034,0.2841,0.08,0.992,1
0.4017,2.7918,0.3617,1.5908,0.9893,0.3223,0.026,0.0389,0.0618,1.2336,3.0,35.0,0.0,0.0,0.0121,0.0051,0.015,0.0124,0.0044,0.982,1
0.1446,2.555,7.0306,1.3763,1.0089,0.3003,0.0535,0.0683,0.1214,0.2914,4.0,35.0,0.0,0.0,0.0123,0.009,0.0133,0.0472,0.0052,0.9832,0
-0.8836,1.071,1.9946,2.1058,0.4942,0.3128,0.0333,0.0441,0.1485,1.5698,4.0,35.0,1.0,0.0,0.0278,0.0241,0.0154,0.0112,0.0026,0.9923,0
-1.8756,0.785,3.0122,1.2124,0.9794,0.3365,0.024,0.0234,0.0684,1.1011,3.0,35.0,0.0,0.0,0.0006,0.0074,0.0066,0.0054,0.0068,0.9659,0
0.391,1.1407,-0.128,0.2661,0.9046,0.3225,0.0228,0.0607,0.0872,0.7582,6.0,35.0,0.0,0.0,0.0017,0.0078,0.0184,0.0242,0.0015,0.972,0
4.0726,2.3636,-10.7539,1.1761,2.3276,0.1983,0.0467,0.0167,0.034,0.2291,1.0,20.0,0.0,1.0,0.5439,0.0251,0.0284,0.0272,0.1968,0.8801,1
-4.0354,0.4233,-2.9733,1.7706,1.3228,0.3057,0.0406,0.0414,0.0455,1.4935,3.0,35.0,1.0,0.0,0.0096,0.0092,0.005,0.0196,0.0071,0.9722,0
4.7617,1.4948,1.8883,2.0929,0.6197,0.2698,0.0278,0.0271,0.0833,1.5714,4.0,35.0,0.0,0.0,0.0082,0.0162,0.0056,0.024,0.0098,0.9616,0
-21.6664,3.9412,4.7252,3.095,1.2864,0.2543,0.0593,0.1159,0.2253,1.223,4.0,60.0,3.0,0.0,0.0125,0.0031,0.3545,0.6423,0.0051,0.8762,1
15.2963,2.7983,1.8158,3.3461,0.2,0.3163,0.0211,0.01,0.0537,3.7789,5.0,60.0,1.0,0.0,0.1038,0.0518,0.0605,0.1759,0.0235,0.9513,1
-2.4601,3.6152,-21.6992,2.5752,1.8108,0.2652,0.01,0.0168,0.0354,0.4062,3.0,60.0,1.0,0.0,0.0271,0.6542,0.0527,0.5814,0.0002,0.9264,1
-12.586,5.085,-7.2918,1.1256,0.4338,0.2632,0.0385,0.0702,0.1871,4.0253,2.0,40.0,2.0,0.0,0.0178,0.0382,0.3138,0.4633,0.0178,0.9103,1
1.0693,1.1952,-4.9249,1.2676,0.7293,0.3019,0.01,0.0531,0.1177,1.4236,2.0,35.0,0.0,0.0,0.0215,0.0155,0.0063,0.0425,0.0092,0.9826,0
0.4334,1.018,-1.4377,1.3831,0.3879,0.3589,0.01,0.021,0.0684,1.3506,3.0,35.0,0.0,0.0,0.0162,0.0065,0.0239,0.0368,0.0094,0.9655,1
1.7689,0.6518,-0.9008,1.7623,1.3433,0.3148,0.0168,0.0399,0.0722,0.1,5.0,35.0,0.0,0.0,0.0028,0.004,0.0127,0.0189,0.0077,0.9599,0
2.5087,1.1523,-8.5693,2.0501,2.9319,0.2004,0.0436,0.071,0.1659,1.7069,1.0,20.0,0.0,0.0,0.4526,0.02,0.0275,0.0745,0.0808,0.9104,1
-1.3069,0.3,-5.6421,3.0769,1.3555,0.2919,0.0549,0.0652,0.1616,2.6955,4.0,60.0,0.0,0.0,0.0034,0.1402,0.0734,0.092,0.0161,0.94,1
5.5921,1.7578,15.2927,3.6938,0.3081,0.2993,0.0419,0.0473,0.0551,0.614,3.0,60.0,0.0,0.0,0.0106,0.0595,0.0445,0.8764,0.0373,0.9315,1
-2.3498,3.6701,5.2048,1.0917,1.2185,0.3495,0.0214,0.0606,0.1109,2.5069,5.0,35.0,0.0,0.0,0.0268,0.0433,0.0107,0.0357,0.002,0.9803,0
-29.5968,8.2828,-0.5842,2.1694,3.8942,0.3004,0.0208,0.0404,0.2023,7.7224,7.0,60.0,1.0,0.0,0.0205,0.0447,0.4032,0.7519,0.0166,0.7514,1
28.3237,3.5551,-5.2649,2.4083,1.5346,0.24,0.0512,0.1146,0.2446,6.8605,3.0,60.0,1.0,0.0,0.0379,0.027,0.3772,0.5287,0.0082,0.8642,1
3.8748,1.8796,-3.518,2.8474,0.8788,0.2982,0.045,0.0538,0.1351,1.3645,4.0,35.0,0.0,0.0,0.0211,0.0192,0.0006,0.0417,0.0023,0.9921,0
1.9884,0.9503,7.0877,3.6406,3.0912,0.2775,0.0436,0.01,0.085,1.2518,6.0,35.0,0.0,0.0,0.0153,0.0029,0.0098,0.035,0.0053,0.9804,0
4.4105,1.709,7.9901,0.6541,0.7171,0.3072,0.0363,0.035,0.1321,0.1,1.0,20.0,0.0,0.0,0.0687,0.046,0.009,0.4302,0.0345,0.8498,0
-0.2559,1.2092,6.0478,1.5966,0.3089,0.259,0.0589,0.0623,0.125,1.3597,3.0,35.0,0.0,0.0,0.0035,0.0218,0.0026,0.0138,0.008,0.9794,0
-0.8644,1.6331,4.1194,0.9516,1.3,0.23,0.0287,0.0563,0.1378,0.9965,5.0,60.0,1.0,0.0,0.0519,0.0227,0.0832,0.1336,0.0102,0.936,1
-2.8336,1.7799,-5.2384,1.8377,1.7351,0.2928,0.0353,0.0255,0.1067,0.4878,4.0,35.0,0.0,0.0,0.0069,0.0055,0.0182,0.0033,0.0078,0.9748,0
-0.9133,0.3869,-0.862,0.5912,0.3835,0.3056,0.0499,0.032,0.0793,0.2666,1.0,20.0,0.0,0.0,0.0316,0.015,0.016,0.0348,0.002,1.0,0
-3.0712,3.0172,-7.9726,1.8933,1.4437,0.3007,0.01,0.0562,0.0856,2.0167,4.0,35.0,1.0,0.0,0.0394,0.0149,0.0183,0.0349,0.0043,0.9918,0
1.2495,0.9017,-3.5161,1.5721,1.6073,0.2808,0.0315,0.0294,0.071,0.6065,5.0,60.0,0.0,0.0,0.1111,0.1217,0.015,0.0006,0.0045,0.9233,1
-2.0016,1.267,-1.7118,2.9253,0.2275,0.2892,0.0358,0.0426,0.069,0.9971,4.0,35.0,0.0,0.0,0.0203,0.0325,0.0181,0.0226,0.0039,1.0,0
7.1084,0.3,-18.9786,3.7912,2.0646,0.2647,0.0357,0.0614,0.0811,1.5257,1.0,20.0,2.0,0.0,0.0476,0.4276,0.0027,0.5234,0.0015,0.8619,1
0.2113,0.5165,-5.1633,1.7594,0.8756,0.2986,0.023,0.0524,0.1088,0.5284,1.0,20.0,2.0,0.0,0.0083,0.0179,0.0251,0.023,0.002,0.9586,0
5.2405,3.6866,-4.1927,0.2,2.5644,0.2211,0.0648,0.1724,0.4182,0.3882,2.0,40.0,0.0,1.0,0.1024,0.06,0.0321,0.1008,0.1136,0.9713,1
-3.9907,0.6906,0.276,2.3475,1.5119,0.3121,0.0177,0.05,0.0792,2.2015,4.0,35.0,0.0,0.0,0.0245,0.0451,0.0183,0.0167,0.0034,0.9769,0
-15.7297,3.5683,-3.8735,1.3718,1.6762,0.2821,0.0181,0.0537,0.0891,2.58,1.0,20.0,0.0,0.0,0.071,0.0813,0.0864,0.048,0.0083,0.9514,1
0.4481,2.3641,-4.9785,0.4135,1.0802,0.3443,0.0246,0.0191,0.0665,2.8749,5.0,35.0,0.0,0.0,0.021,0.0189,0.0086,0.0268,0.0101,0.9931,0
-6.5894,1.5027,-2.1804,1.7546,0.3944,0.3117,0.0207,0.0451,0.0682,1.1735,2.0,35.0,1.0,0.0,0.0229,0.0065,0.0104,0.009,0.0035,0.9792,0
-1.9195,0.3,0.1141,1.872,0.4012,0.3444,0.0254,0.01,0.0273,1.0095,3.0,35.0,0.0,0.0,0.0154,0.0027,0.0119,0.0199,0.0025,0.983,0
-2.0184,3.604,16.7563,2.5425,2.5497,0.3209,0.0278,0.0565,0.0858,0.5512,2.0,40.0,0.0,0.0,0.0074,0.0215,0.0183,0.3518,0.0123,0.7143,1
0.1267,1.5958,-4.8905,0.538,0.2261,0.307,0.0535,0.0352,0.0608,0.7686,5.0,35.0,0.0,0.0,0.0196,0.0158,0.0148,0.0207,0.0069,0.9782,0
-5.9281,0.4293,18.9165,0.8494,0.3886,0.2377,0.0229,0.0612,0.1394,1.6805,2.0,40.0,0.0,0.0,0.0554,0.0293,0.0125,0.6159,0.0197,0.9,1
0.0769,2.163,-7.1625,3.0765,1.3676,0.2799,0.0367,0.048,0.1365,4.3405,6.0,35.0,1.0,0.0,0.0176,0.0123,0.0132,0.0437,0.0111,1.0,0
-1.7928,1.1097,22.9955,0.9037,1.2051,0.3171,0.0518,0.0435,0.0741,0.9146,4.0,60.0,1.0,0.0,0.0113,0.0223,0.013,0.7445,0.0284,0.8263,1
-1.3992,2.1571,2.9933,0.9326,0.4446,0.2799,0.0292,0.0573,0.0935,3.5465,5.0,35.0,1.0,0.0,0.0082,0.0327,0.0078,0.0194,0.0058,0.9905,0
-8.8315,3.1269,-2.4986,2.6181,1.4024,0.252,0.0399,0.0133,0.0629,2.3378,3.0,60.0,1.0,0.0,0.1047,0.1025,0.1064,0.2427,0.0252,0.9483,1
-1.3489,2.167,3.8558,2.322,0.4957,0.2665,0.0312,0.0579,0.0961,1.4451,7.0,35.0,0.0,0.0,0.0013,0.0384,0.0096,0.0059,0.0108,0.9808,0
-30.3729,3.9508,-5.3936,3.4441,3.217,0.2998,0.0362,0.0288,0.1759,8.1954,2.0,40.0,3.0,0.0,0.0119,0.054,0.1736,0.5527,0.0146,0.7825,1
-2.6389,0.8437,-6.8921,2.282,1.8471,0.253,0.08,0.0448,0.0619,1.8607,6.0,35.0,0.0,0.0,0.0063,0.0081,0.0012,0.0329,0.0018,0.9755,0
-0.5019,1.466,-7.0026,3.0863,1.3506,0.2411,0.0521,0.0621,0.1014,1.712,3.0,60.0,2.0,0.0,0.033,0.1588,0.0517,0.0299,0.0042,0.9277,1
-0.6513,3.6224,-5.401,4.1193,1.2821,0.307,0.0283,0.0446,0.0869,1.3814,2.0,35.0,0.0,0.0,0.0036,0.0091,0.0206,0.0261,0.0014,1.0,1
4.4701,4.1609,-26.5128,3.3304,2.5861,0.2344,0.0276,0.0472,0.0975,3.276,1.0,20.0,0.0,0.0,0.0336,0.2096,0.0544,0.59,0.0174,0.8425,1
5.6361,3.4597,-25.648,3.6304,1.9131,0.2596,0.0424,0.0391,0.0416,1.7978,2.0,40.0,3.0,0.0,0.0066,0.4534,0.0377,0.9838,0.0295,0.8764,1
-4.714,0.6134,-17.6526,2.4822,1.9981,0.2805,0.0275,0.0384,0.0776,1.3122,1.0,20.0,2.0,0.0,0.045,0.4499,0.086,0.5753,0.0126,0.9324,1
13.9043,1.6596,-7.6907,1.8608,1.5206,0.3243,0.0361,0.0793,0.1701,4.1071,4.0,60.0,2.0,0.0,0.0507,0.0616,0.0243,0.173,0.0026,1.0,1
-0.5064,1.7813,-5.2397,0.8255,0.8544,0.3343,0.0275,0.0144,0.0643,1.6994,3.0,35.0,0.0,0.0,0.0055,0.0211,0.0112,0.0045,0.0056,0.9709,0
-3.1506,1.0277,-6.3508,1.744,1.112,0.2611,0.0132,0.0531,0.0745,3.9921,4.0,35.0,0.0,0.0,0.0195,0.0082,0.0054,0.0249,0.0074,0.9906,0
-2.1698,1.9457,-1.1268,0.8415,0.2018,0.3098,0.0283,0.0313,0.0946,0.8994,2.0,35.0,0.0,0.0,0.0158,0.0076,0.0193,0.0154,0.0021,0.9761,0
1.3837,0.9076,-1.0027,1.3137,0.7458,0.352,0.023,0.0224,0.0751,0.2412,5.0,35.0,0.0,0.0,0.0196,0.0003,0.0148,0.0381,0.0058,0.962,0
-2.4029,3.1634,6.2064,0.714,0.547,0.3512,0.0663,0.0494,0.1171,1.1692,4.0,35.0,0.0,0.0,0.0205,0.0098,0.0102,0.0026,0.0047,0.9639,0
-0.5389,1.7145,-2.3167,0.4774,1.6226,0.3006,0.0366,0.0554,0.1012,1.9854,4.0,35.0,0.0,0.0,0.005,0.0008,0.0054,0.0061,0.0106,1.0,0
-1.9378,2.3132,2.3366,2.1806,1.8005,0.2858,0.049,0.0507,0.1713,1.5837,5.0,35.0,0.0,0.0,0.0108,0.0022,0.0188,0.0113,0.0061,0.9795,0
-0.6967,2.1848,3.9983,2.5598,1.3426,0.2758,0.0259,0.0391,0.0906,2.8508,2.0,35.0,0.0,0.0,0.0243,0.0055,0.0146,0.0172,0.0063,0.9766,0
-2.1599,1.3988,-5.2758,1.6171,0.6497,0.2839,0.0344,0.0113,0.0362,0.1855,1.0,20.0,0.0,0.0,0.0195,0.0122,0.01,0.0091,0.015,1.0,0
0.2917,1.6666,2.0055,2.0804,1.2243,0.3152,0.0382,0.043,0.0976,1.0853,3.0,35.0,2.0,0.0,0.0037,0.0058,0.0061,0.0151,0.0033,0.9842,0
4.666,1.9776,-0.9748,1.4337,0.209,0.3705,0.0191,0.0282,0.0311,1.2918,2.0,35.0,0.0,0.0,0.0018,0.0062,0.002,0.0245,0.0014,0.9688,0
-1.9495,2.0842,-4.9615,2.9798,0.8657,0.2633,0.0235,0.0419,0.076,2.2043,5.0,35.0,0.0,0.0,0.0131,0.0076,0.0052,0.0007,0.0041,0.9874,0
0.427,1.0113,-2.8719,1.1096,0.7454,0.3095,0.0207,0.0456,0.0534,0.9265,3.0,35.0,0.0,0.0,0.0215,0.0208,0.0167,0.0059,0.003,0.9878,0
1.223,4.5092,-21.3279,3.3576,2.3256,0.3261,0.0282,0.01,0.0175,0.9635,1.0,20.0,0.0,0.0,0.057,0.6556,0.0143,0.4935,0.0079,0.9726,1
-0.0813,0.339,-17.0572,2.7543,2.7122,0.2918,0.0335,0.05,0.0708,1.3235,3.0,60.0,1.0,0.0,0.0085,0.4935,0.0313,0.9637,0.0067,0.8258,1
-23.9703,5.3715,-3.6098,0.5323,2.241,0.3151,0.014,0.0872,0.249,4.0961,4.0,60.0,3.0,0.0,0.0126,0.0618,0.4509,0.8647,0.0093,0.8178,1
2.646,1.2309,-7.7092,1.125,1.2131,0.2658,0.0325,0.0488,0.0851,0.8232,2.0,40.0,0.0,0.0,0.1237,0.0428,0.0361,0.2036,0.0175,0.9992,1
1.7639,1.6244,-5.5086,0.6187,0.2,0.2934,0.0379,0.0665,0.137,1.9437,3.0,35.0,1.0,0.0,0.0143,0.0371,0.009,0.0469,0.0094,0.991,0
1.1336,0.4505,-0.9457,0.899,0.5512,0.3229,0.0327,0.0231,0.0597,0.8554,5.0,35.0,0.0,0.0,0.0085,0.0136,0.0136,0.0048,0.0083,0.96,1
2.7149,1.7742,-0.6907,1.7961,0.4726,0.2987,0.0288,0.0415,0.0661,4.1417,6.0,35.0,0.0,0.0,0.0287,0.0058,0.0208,0.0409,0.0093,0.9798,0
5.0111,0.9856,-6.0722,0.2,1.0089,0.2949,0.0336,0.0338,0.0873,0.7648,5.0,60.0,1.0,0.0,0.0781,0.0777,0.0369,0.162,0.0259,0.9082,1
-2.2443,2.2917,-4.132,2.3298,1.3176,0.2795,0.0392,0.0371,0.0847,2.2816,6.0,35.0,0.0,0.0,0.0045,0.0137,0.0175,0.0082,0.0104,0.9857,0
-2.0606,0.6792,-6.4343,3.0317,0.5531,0.2836,0.0466,0.038,0.062,1.7652,3.0,35.0,0.0,0.0,0.0035,0.0052,0.0051,0.018,0.0017,0.957,0
2.1985,0.7258,-1.8546,2.9878,0.6329,0.2972,0.054,0.041,0.0812,2.2148,4.0,35.0,0.0,0.0,0.0216,0.0406,0.0116,0.028,0.0047,0.969,0
0.9264,0.3797,0.6963,0.3837,0.8657,0.3325,0.018,0.0387,0.0839,0.6767,2.0,35.0,0.0,0.0,0.0152,0.0135,0.011,0.0147,0.0084,0.9755,0
1.3129,2.5878,-0.8144,1.193,0.2863,0.2987,0.0459,0.0677,0.0991,0.7546,3.0,35.0,0.0,0.0,0.0063,0.0179,0.0188,0.0398,0.0072,0.953,0
1.0753,1.6246,-5.294,1.1746,1.3386,0.213,0.0392,0.0578,0.1441,0.7715,5.0,60.0,2.0,0.0,0.0442,0.1553,0.0405,0.0193,0.0109,0.9198,1
-29.3281,5.9791,-4.5983,2.1156,1.4032,0.3103,0.0218,0.083,0.2777,5.451,2.0,40.0,4.0,0.0,0.0183,0.0562,0.173,0.8302,0.0248,0.9026,1
-0.5002,1.526,18.9434,0.4694,2.1338,0.3027,0.0227,0.0651,0.1096,1.0232,2.0,40.0,0.0,0.0,0.0348,0.0182,0.0118,0.3115,0.0291,0.9445,1
0.9933,1.5811,-0.1997,0.2,0.4399,0.3194,0.0299,0.0415,0.0844,1.1985,4.0,35.0,1.0,0.0,0.0147,0.011,0.0073,0.0216,0.0074,0.984,0
19.322,2.291,0.9348,3.5898,2.1389,0.2919,0.0387,0.0468,0.077,3.6409,3.0,60.0,1.0,0.0,0.0089,0.041,0.0385,0.1455,0.0013,0.9658,1
0.6148,2.2652,-29.1373,1.6883,1.265,0.3143,0.0214,0.0602,0.0706,2.7983,2.0,40.0,0.0,0.0,0.0024,0.3502,0.0088,0.3025,0.001,0.7713,1
-0.1118,0.348,-3.614,2.6167,1.5782,0.285,0.01,0.0325,0.0801,2.6126,4.0,35.0,0.0,0.0,0.0079,0.0048,0.0207,0.0276,0.0036,1.0,0
0.4014,2.3823,4.956,3.619,3.7816,0.3404,0.0234,0.1184,0.1795,1.2452,2.0,40.0,0.0,0.0,0.0374,0.0357,0.0211,0.5086,0.0255,0.8668,1
-1.8415,0.6321,2.6301,0.8822,0.747,0.2987,0.0166,0.011,0.0648,0.703,3.0,60.0,0.0,0.0,0.0506,0.2309,0.0144,0.1872,0.0253,0.9312,1
-1.482,1.4813,-8.9569,0.5392,0.5492,0.3342,0.0219,0.0436,0.1004,2.5383,5.0,35.0,0.0,0.0,0.0029,0.0,0.0076,0.0113,0.0078,0.9863,0
14.3883,4.7938,-5.8599,0.6042,1.1292,0.2993,0.0371,0.0695,0.1429,0.9185,2.0,40.0,0.0,0.0,0.0989,0.1485,0.1005,0.1646,0.0037,0.9441,1
-10.0283,2.0138,3.8825,2.2664,1.4604,0.2897,0.0402,0.01,0.0493,1.9003,2.0,40.0,1.0,0.0,0.0771,0.1644,0.0389,0.1988,0.0108,0.9358,1
-7.3071,3.9422,-25.7564,4.8364,1.9802,0.3381,0.0363,0.05,0.0946,1.4231,2.0,40.0,2.0,0.0,0.007,0.5627,0.02,0.5746,0.0054,0.9203,1
0.3402,2.459,-5.5646,2.3964,0.8931,0.3194,0.0363,0.0333,0.0479,2.0457,5.0,35.0,0.0,0.0,0.0199,0.0365,0.0204,0.0219,0.0024,0.9417,0
0.9342,3.1647,-2.9936,2.7101,1.1028,0.3108,0.0199,0.0193,0.0878,4.7373,2.0,35.0,0.0,0.0,0.0271,0.018,0.0168,0.0379,0.0038,0.9849,0
0.636,3.1852,10.0977,2.8579,2.2982,0.3066,0.0221,0.0503,0.1486,1.2101,2.0,40.0,1.0,0.0,0.0454,0.0041,0.0489,0.7589,0.0047,0.7185,1
4.6642,2.0178,-2.6604,2.0151,0.8268,0.2005,0.0164,0.0617,0.0937,0.1,3.0,60.0,1.0,0.0,0.0619,0.1485,0.0962,0.1657,0.0085,0.9337,1
-1.8012,2.1397,-4.78,3.4688,1.4836,0.3099,0.0246,0.0411,0.0793,1.2017,3.0,35.0,0.0,0.0,0.0237,0.0072,0.0021,0.0211,0.0056,0.9828,0
6.5014,2.517,-3.6613,0.6304,1.6357,0.2285,0.0405,0.0987,0.4,0.7893,6.0,60.0,0.0,1.0,0.1782,0.0109,0.06,0.1744,0.3026,0.9484,0
-34.1328,8.1045,-9.4733,4.184,3.1305,0.3141,0.0766,0.1118,0.1672,6.9599,1.0,20.0,2.0,0.0,0.0099,0.0303,0.0783,0.2711,0.0055,0.8277,1
2.5284,2.2586,-9.0357,4.1164,0.2,0.3106,0.0383,0.0114,0.0506,0.5358,1.0,20.0,0.0,0.0,0.0008,0.0197,0.0107,0.0219,0.0001,0.972,0
-4.7459,2.849,-11.8542,5.0024,0.2,0.2569,0.0441,0.0395,0.0889,0.3525,1.0,20.0,0.0,0.0,0.0131,0.2985,0.0022,0.3478,0.0016,0.9616,1
-2.6252,3.7318,17.6665,3.2112,0.9257,0.2846,0.0294,0.01,0.0316,1.0036,4.0,60.0,0.0,0.0,0.0544,0.0212,0.065,0.3519,0.0226,0.9325,1
-3.0141,2.0173,-10.6637,1.3125,1.6386,0.2602,0.0535,0.0606,0.2937,0.2696,2.0,35.0,0.0,0.0,0.0166,0.0008,0.0169,0.0082,0.0033,0.9542,0
-2.8203,4.5459,-29.987,2.7551,2.2658,0.2587,0.01,0.0827,0.1567,3.2456,2.0,40.0,2.0,0.0,0.0298,0.4625,0.0584,0.2208,0.0067,0.9056,1
-6.037,3.8772,-2.9225,2.6028,0.5543,0.2912,0.0391,0.0395,0.0928,1.6258,2.0,35.0,0.0,0.0,0.0215,0.01,0.0248,0.0207,0.005,0.9901,0
1.1037,1.5474,-4.1762,0.9967,0.641,0.2894,0.0252,0.0262,0.0765,1.0487,3.0,35.0,1.0,0.0,0.0233,0.009,0.0076,0.0018,0.0076,0.9609,1
0.1247,2.5939,-10.2864,1.0822,0.9649,0.2822,0.0289,0.0577,0.0716,2.1775,2.0,40.0,0.0,0.0,0.1387,0.1366,0.0564,0.0127,0.0076,0.8878,1
-0.6659,2.3358,-4.8869,1.843,0.725,0.3112,0.0464,0.0468,0.1346,0.7115,5.0,60.0,0.0,0.0,0.0293,0.0359,0.0252,0.0777,0.0095,0.9173,1
-5.074,2.4687,-2.057,2.2151,0.2,0.1381,0.0438,0.0495,0.1354,1.4393,0.0,0.0,0.0,0.0,0.4954,0.0271,0.0355,0.0276,0.0796,0.9722,1
5.0227,3.4608,3.4309,0.8412,0.5685,0.2583,0.0237,0.0514,0.0946,1.6199,4.0,35.0,0.0,0.0,0.0068,0.0092,0.001,0.0146,0.0117,0.9759,1
6.3708,4.7156,-4.4034,2.5998,1.5477,0.2963,0.01,0.0558,0.0842,0.3533,6.0,35.0,0.0,0.0,0.0008,0.027,0.0285,0.0107,0.0002,0.9668,0
-3.7198,2.5451,-0.7782,1.5913,1.7951,0.2648,0.0675,0.0317,0.1393,0.3496,1.0,20.0,1.0,0.0,0.123,0.0856,0.0406,0.0007,0.0144,0.9497,1
-1.5047,3.6776,-0.7999,1.0103,0.788,0.2831,0.036,0.0358,0.0712,2.9585,5.0,35.0,1.0,0.0,0.0179,0.0114,0.005,0.0009,0.0068,0.9624,0
2.1231,1.0778,4.5534,3.9278,1.788,0.3278,0.0292,0.0653,0.0909,1.5665,6.0,35.0,0.0,0.0,0.0267,0.0252,0.0207,0.0053,0.0076,0.9777,0
15.6641,3.658,-2.9958,2.6167,0.9863,0.2654,0.0279,0.0491,0.0509,1.6723,2.0,40.0,1.0,0.0,0.1436,0.0832,0.0713,0.1604,0.0255,0.9304,1
4.1264,0.9966,-3.0801,1.2201,0.2,0.2866,0.019,0.0564,0.1326,1.7592,5.0,35.0,0.0,0.0,0.028,0.0101,0.0106,0.0147,0.0084,0.9737,0
0.5813,3.2912,-27.5053,3.6193,2.1706,0.2838,0.0223,0.0291,0.0857,2.0732,4.0,60.0,0.0,0.0,0.0044,0.6219,0.0157,0.6567,0.0101,0.9324,1
0.2603,0.3,-2.1129,1.2586,0.8332,0.3444,0.0238,0.01,0.0703,1.8617,5.0,35.0,0.0,0.0,0.0257,0.06,0.0112,0.0062,0.0021,0.9894,0
2.3182,4.1285,-4.8016,0.7643,0.5091,0.2985,0.0549,0.0521,0.1539,2.6306,6.0,35.0,1.0,0.0,0.004,0.011,0.0013,0.0154,0.0053,0.9787,0
1.7245,1.8922,-6.0329,2.0571,1.9184,0.22,0.0532,0.0425,0.0817,1.4966,3.0,35.0,0.0,0.0,0.0227,0.0043,0.0109,0.0162,0.0127,0.9596,1
1.6924,2.1634,-28.6184,4.2521,2.4946,0.3012,0.032,0.0156,0.0999,2.8693,6.0,60.0,0.0,0.0,0.0373,0.6598,0.0197,0.7728,0.014,0.805,1
18.2953,3.1352,-2.943,1.7397,1.9204,0.3028,0.0239,0.0562,0.0849,2.6499,4.0,60.0,0.0,0.0,0.0293,0.136,0.0377,0.0459,0.0178,0.9626,1
1.2882,1.2492,-4.5048,0.5696,0.9017,0.3233,0.0368,0.036,0.0567,0.5224,4.0,35.0,0.0,0.0,0.0351,0.0166,0.0223,0.0116,0.0112,1.0,0
-2.9489,3.0342,-26.4023,2.1773,1.3543,0.2992,0.0314,0.1066,0.1187,3.3675,2.0,40.0,0.0,0.0,0.0124,0.2473,0.0325,0.439,0.0031,0.7952,1
-2.6347,2.8105,2.2379,2.5993,1.0444,0.3313,0.0295,0.0596,0.1049,1.5185,3.0,35.0,1.0,0.0,0.0238,0.0184,0.0089,0.0228,0.0095,0.9939,0
-1.6613,1.1049,-9.6432,2.2169,1.9701,0.2503,0.0548,0.0529,0.102,0.5291,1.0,20.0,0.0,0.0,0.0054,0.113,0.0436,0.0878,0.0205,0.9204,1
-1.2495,2.7157,20.5932,1.3322,1.8665,0.3369,0.0463,0.0578,0.0942,0.4489,1.0,20.0,0.0,0.0,0.0053,0.0336,0.0369,0.5903,0.0168,0.9022,1
-4.2054,0.6633,4.3422,1.5936,1.1005,0.2928,0.0628,0.0752,0.0981,1.2672,5.0,35.0,0.0,0.0,0.0094,0.0071,0.0032,0.0097,0.0064,1.0,0
16.5416,2.5971,1.0053,2.4498,0.7907,0.3063,0.037,0.0278,0.1286,1.747,4.0,60.0,0.0,0.0,0.0652,0.0146,0.0382,0.0069,0.018,0.9607,1
-6.2678,0.7209,-23.6415,0.8449,1.5678,0.228,0.0342,0.0446,0.0926,2.6546,3.0,60.0,1.0,0.0,0.0566,0.6287,0.0532,0.7146,0.0167,1.0,1
4.0494,1.9972,-10.0003,1.7337,3.6668,0.2163,0.0122,0.0497,0.2032,0.5833,1.0,20.0,0.0,0.0,0.2571,0.0008,0.0062,0.2748,0.172,0.8045,1
8.9838,2.3269,-0.0947,1.7952,1.5469,0.2707,0.0304,0.0619,0.1555,1.119,3.0,60.0,0.0,0.0,0.0287,0.1726,0.15,0.0309,0.0142,0.9589,1
-3.2976,6.3499,-19.9656,4.2554,1.0271,0.3093,0.035,0.0305,0.0481,1.6437,2.0,40.0,2.0,0.0,0.0154,0.1657,0.0494,0.7586,0.0067,1.0,1
-5.9673,1.1033,-0.2567,0.2606,0.4031,0.3214,0.0324,0.0182,0.0386,0.7242,4.0,35.0,0.0,0.0,0.0174,0.0328,0.0014,0.0025,0.0037,0.9719,0
0.9937,1.8419,-3.3994,0.2,0.9574,0.3034,0.01,0.0322,0.088,0.9268,3.0,35.0,0.0,0.0,0.0044,0.0102,0.0029,0.0304,0.0066,0.9825,0
0.7824,1.2016,-4.1397,1.1107,0.8584,0.2438,0.0637,0.0305,0.0867,0.8409,3.0,60.0,2.0,0.0,0.0081,0.0932,0.0163,0.1654,0.0113,0.9855,1
0.0735,5.3092,-11.1758,2.7678,2.579,0.2482,0.0365,0.0282,0.0991,3.3239,2.0,40.0,2.0,0.0,0.0389,0.5876,0.1,0.4726,0.0266,0.9716,1
7.0833,4.1849,-22.1447,4.7006,3.5162,0.258,0.0371,0.0298,0.0517,0.5566,5.0,60.0,0.0,0.0,0.0302,0.385,0.0832,0.4454,0.0064,1.0,1
0.0674,1.9377,-10.7233,3.1143,2.7154,0.2615,0.0588,0.0606,0.221,1.6735,3.0,35.0,0.0,0.0,0.0115,0.0332,0.0024,0.0094,0.0058,0.9808,0
0.6682,3.0402,-10.6244,1.3383,1.1314,0.3159,0.0287,0.0489,0.1067,1.902,3.0,60.0,0.0,0.0,0.0594,0.1523,0.0618,0.1347,0.0173,0.9558,1
-1.2656,2.0437,-0.1154,0.2,0.4756,0.2843,0.0366,0.0296,0.0342,1.2254,3.0,35.0,0.0,0.0,0.0352,0.0116,0.0071,0.012,0.0026,0.9604,0
2.1868,1.2535,-7.4829,1.171,0.2,0.3537,0.0203,0.0368,0.0945,1.2691,3.0,35.0,0.0,0.0,0.0329,0.0215,0.0248,0.0009,0.0066,0.9823,0
0.9263,0.9862,0.1494,0.6645,1.1248,0.34,0.028,0.0268,0.0838,1.2355,4.0,35.0,1.0,0.0,0.0314,0.0088,0.0005,0.0044,0.0025,0.9791,0
1.539,0.6508,-4.5668,1.0583,2.422,0.2326,0.025,0.0605,0.1283,2.2671,2.0,40.0,0.0,0.0,0.1161,0.0023,0.1028,0.0234,0.0161,0.8947,1
-2.0342,0.8843,-2.1999,0.4107,1.1979,0.2993,0.0285,0.0133,0.0629,1.2373,3.0,35.0,1.0,0.0,0.0127,0.0019,0.0029,0.0319,0.0115,0.9842,1
4.2019,1.4982,-5.045,1.2738,0.5798,0.2977,0.0343,0.01,0.0146,1.5154,3.0,35.0,0.0,0.0,0.0381,0.0116,0.016,0.0005,0.0088,0.9721,0
-13.8345,7.5558,-1.2857,3.4351,4.1003,0.2857,0.0649,0.0444,0.1188,6.2863,3.0,60.0,3.0,0.0,0.0599,0.0418,0.3882,0.3762,0.007,0.8427,1
1.072,2.0545,-2.5589,0.9798,0.469,0.3117,0.0193,0.01,0.0447,2.2231,1.0,20.0,0.0,0.0,0.0193,0.0409,0.0102,0.0054,0.0041,1.0,0
6.4523,4.2481,-23.1483,0.8831,2.1575,0.3193,0.0455,0.0158,0.0398,4.4839,1.0,20.0,2.0,0.0,0.0156,0.4899,0.0476,0.494,0.0152,0.7819,1
0.2439,1.583,-7.5413,2.014,0.2,0.2555,0.0753,0.0536,0.1338,0.4615,6.0,60.0,2.0,0.0,0.0178,0.062,0.1002,0.2637,0.0026,0.9199,1
2.0401,2.6575,-1.3403,0.228,1.273,0.2763,0.0376,0.01,0.0511,0.3635,3.0,60.0,0.0,0.0,0.042,0.1945,0.0033,0.0625,0.0014,0.9821,1
-0.6903,0.6291,-2.6974,1.0766,0.9442,0.3379,0.0382,0.0498,0.0588,1.8547,6.0,35.0,0.0,0.0,0.0203,0.0076,0.0015,0.036,0.0135,0.9916,0
-5.553,2.2902,-4.2613,3.1023,5.3035,0.2392,0.01,0.0721,0.1741,0.7556,0.0,0.0,0.0,1.0,0.4823,0.0239,0.0204,0.1215,0.2286,0.9494,1
-0.9026,0.5893,-2.6443,0.3562,0.4299,0.3484,0.0158,0.0319,0.0618,1.7073,5.0,35.0,1.0,0.0,0.0146,0.0065,0.0019,0.0589,0.0012,0.99,0
-7.2507,5.2209,-27.1442,3.0935,0.7202,0.339,0.0315,0.01,0.0435,4.0897,1.0,20.0,1.0,0.0,0.0437,0.6185,0.0066,0.5447,0.0085,0.8842,1
-11.5691,3.0743,-10.0523,3.0892,1.0156,0.3423,0.045,0.0224,0.0484,4.3033,1.0,20.0,0.0,0.0,0.008,0.0049,0.0135,0.0238,0.0073,0.9821,0
0.2137,1.3488,-7.2164,0.739,0.8979,0.305,0.0284,0.0335,0.0576,1.1055,3.0,35.0,0.0,0.0,0.0159,0.0073,0.0003,0.008,0.018,0.9631,0
-0.8236,2.0855,-2.1624,1.3897,0.9877,0.2793,0.0376,0.0522,0.0717,1.3047,3.0,35.0,0.0,0.0,0.015,0.0315,0.0208,0.0062,0.0081,0.9999,0
2.896,2.7043,0.5561,2.0822,0.4512,0.2928,0.0515,0.01,0.01,2.6073,3.0,35.0,0.0,0.0,0.0242,0.0017,0.0087,0.0609,0.0,0.9641,0
-2.6786,4.8882,0.2945,1.9602,2.6596,0.276,0.0639,0.01,0.0528,6.0,6.0,35.0,0.0,0.0,0.0017,0.0382,0.0045,0.024,0.0072,0.9725,0
1.9765,1.7711,-3.7252,4.1767,1.5031,0.3468,0.0201,0.0551,0.0793,2.9243,5.0,35.0,0.0,0.0,0.0113,0.0237,0.0029,0.0534,0.0019,1.0,1
10.5521,2.6419,-6.0968,0.2796,0.3039,0.2951,0.0363,0.053,0.1507,3.1525,4.0,60.0,0.0,0.0,0.0499,0.2664,0.0605,0.1479,0.0015,0.9623,1
6.4261,3.6748,22.6426,3.3211,1.8044,0.2863,0.0415,0.0116,0.0202,0.6641,5.0,60.0,0.0,0.0,0.0186,0.0258,0.057,0.8254,0.0024,0.8923,1
6.2016,1.1024,-3.2124,0.4007,0.4762,0.348,0.0248,0.0784,0.0911,0.6572,3.0,35.0,0.0,0.0,0.0238,0.0168,0.0058,0.0173,0.0034,0.9663,0
5.3754,2.5129,-14.7839,0.7933,1.08,0.2739,0.0399,0.0735,0.094,1.1049,2.0,40.0,0.0,0.0,0.0626,0.1017,0.0859,0.1514,0.0094,0.9512,1
2.1246,2.1269,5.8487,4.8374,1.2235,0.3444,0.029,0.0795,0.1051,1.1715,3.0,60.0,0.0,0.0,0.0039,0.0413,0.0046,0.7041,0.0079,0.8049,1
-5.7386,3.7773,-3.5485,2.4577,1.4534,0.271,0.02,0.0282,0.0955,2.4442,4.0,35.0,0.0,0.0,0.0173,0.0352,0.02,0.0184,0.0084,0.9887,0
6.3918,1.0923,1.4307,1.2704,1.2482,0.3274,0.0668,0.042,0.1134,1.8819,2.0,35.0,2.0,0.0,0.0304,0.0128,0.0258,0.0442,0.0054,0.9849,0
2.2373,1.2078,-1.3585,0.945,1.0876,0.305,0.0382,0.0332,0.0699,2.5005,2.0,35.0,0.0,0.0,0.0085,0.0243,0.0269,0.0534,0.0111,0.977,0
-0.2075,3.594,-25.6494,4.47,1.3372,0.2947,0.0557,0.0538,0.1107,1.2239,2.0,40.0,0.0,0.0,0.0307,0.1231,0.0591,0.6463,0.011,0.8374,1
-13.2158,4.2328,-1.8381,1.9406,1.7066,0.2911,0.0362,0.0394,0.0621,4.3535,6.0,60.0,2.0,0.0,0.1051,0.1409,0.0645,0.1125,0.0034,0.888,1
-5.1585,1.2461,-0.647,1.3151,1.5793,0.3305,0.0235,0.0405,0.0891,0.2343,2.0,35.0,0.0,0.0,0.0205,0.0107,0.0075,0.0135,0.007,0.9907,0
-0.3165,2.5099,0.5256,2.1092,0.2,0.3096,0.0325,0.019,0.067,3.4433,2.0,35.0,0.0,0.0,0.0322,0.0008,0.0107,0.0325,0.0024,0.9824,0
-1.853,1.4215,-0.4648,0.9076,0.4215,0.3319,0.032,0.0317,0.0503,0.6835,3.0,35.0,1.0,0.0,0.0138,0.0015,0.006,0.0183,0.0015,0.9767,0
3.2713,2.3699,-0.352,1.9585,1.7823,0.2748,0.0495,0.0965,0.1883,3.214,4.0,35.0,1.0,0.0,0.0008,0.0219,0.0165,0.0258,0.0116,0.9719,0
4.6436,3.8119,-3.9158,0.6332,3.7219,0.1734,0.0287,0.0395,0.1032,0.7093,0.0,0.0,2.0,0.0,0.0183,0.0305,0.0348,0.196,0.0169,0.4903,1
6.6098,2.8647,-24.116,1.8944,1.838,0.2646,0.035,0.0444,0.0816,0.1,1.0,20.0,0.0,0.0,0.0001,0.6411,0.0939,0.3978,0.0062,0.8332,1
0.7256,1.6982,0.5622,1.047,1.7059,0.3042,0.0677,0.0694,0.1075,2.6403,3.0,35.0,1.0,0.0,0.0027,0.0058,0.002,0.0051,0.0008,0.9714,0
-4.1542,1.0588,3.2916,0.2275,0.2,0.29,0.034,0.0469,0.0766,1.4099,6.0,35.0,1.0,0.0,0.0063,0.0245,0.0018,0.0115,0.0037,0.9772,0
21.074,3.2307,-3.5834,1.2337,1.1502,0.3023,0.0306,0.01,0.0263,1.5469,4.0,60.0,1.0,0.0,0.0827,0.129,0.03,0.0383,0.0152,0.9568,1
-0.2966,1.8107,-1.0159,1.3835,0.5698,0.3239,0.017,0.0482,0.0716,0.805,3.0,35.0,0.0,0.0,0.0208,0.0053,0.0239,0.0036,0.0058,0.9684,0
0.9512,0.3,-2.0775,0.8725,0.7769,0.3439,0.0173,0.0225,0.0523,0.5191,3.0,35.0,1.0,0.0,0.0058,0.0164,0.007,0.0088,0.0034,1.0,0
-26.5431,7.8034,5.682,2.7571,1.902,0.3363,0.0533,0.062,0.3508,1.3897,5.0,60.0,4.0,0.0,0.0414,0.003,0.1267,0.5959,0.017,0.7422,1
-5.4705,0.7496,-5.5292,2.8537,0.3212,0.2975,0.0473,0.031,0.0898,1.7895,2.0,35.0,1.0,0.0,0.0155,0.0078,0.002,0.0513,0.0004,0.994,0
-2.4483,1.6307,0.2852,0.6308,1.2245,0.3013,0.0475,0.0327,0.0575,2.0498,3.0,35.0,0.0,0.0,0.0028,0.0093,0.0234,0.0187,0.0051,0.9894,0
-3.2973,6.2192,-5.5485,3.4319,2.5305,0.2516,0.0397,0.0262,0.0714,6.0,2.0,35.0,1.0,0.0,0.0058,0.0058,0.0179,0.0268,0.0079,0.9945,0
-4.0072,0.8749,-20.502,2.4345,1.9281,0.2937,0.0334,0.1065,0.1812,0.1092,3.0,60.0,1.0,0.0,0.0068,0.2657,0.0436,0.6395,0.0005,0.9576,1
0.0388,1.7685,-5.7044,1.0819,1.6177,0.2325,0.0113,0.0267,0.119,1.0437,4.0,60.0,0.0,0.0,0.0766,0.2327,0.106,0.1493,0.0015,1.0,1
9.2069,6.7447,-5.8391,4.3151,2.5038,0.3146,0.0597,0.012,0.0896,4.9859,4.0,35.0,0.0,0.0,0.0362,0.0256,0.0026,0.0067,0.0031,0.9865,0
1.2063,2.0094,1.9503,2.8247,2.5131,0.3357,0.0571,0.0725,0.1574,1.7527,2.0,35.0,0.0,0.0,0.0163,0.0118,0.0085,0.0035,0.0101,0.9718,0
4.5984,2.9881,-2.0974,2.1973,0.5813,0.293,0.01,0.0501,0.0845,4.0496,2.0,35.0,1.0,0.0,0.0026,0.0093,0.0263,0.0421,0.0061,0.9805,0
1.1099,1.196,-6.9779,2.2638,0.598,0.316,0.01,0.0315,0.0741,0.327,3.0,35.0,0.0,0.0,0.0164,0.0069,0.0168,0.0178,0.0051,0.9838,0
-27.2022,4.2649,7.066,4.7049,4.0946,0.2453,0.0573,0.0875,0.3354,5.9672,3.0,60.0,3.0,0.0,0.0161,0.007,0.4172,0.7779,0.0045,0.8459,1
-4.542,0.3754,13.4384,3.2747,1.8726,0.3472,0.0244,0.01,0.1025,1.1562,3.0,60.0,0.0,0.0,0.0679,0.0195,0.0653,0.6715,0.0069,0.8813,1
3.2909,0.8269,-6.0569,0.6506,0.4721,0.3167,0.0329,0.0479,0.1158,0.7399,2.0,35.0,0.0,0.0,0.0005,0.0136,0.0197,0.0479,0.0128,0.9828,0
0.8044,1.3491,-0.9312,0.6789,0.6896,0.3098,0.022,0.0426,0.0863,1.366,3.0,35.0,0.0,0.0,0.0073,0.0044,0.0232,0.0082,0.0046,0.9885,0
-3.092,5.2779,-27.8633,3.175,1.1569,0.2633,0.0357,0.0295,0.1351,0.9619,3.0,60.0,1.0,0.0,0.019,0.6104,0.0599,0.553,0.02,0.8837,1
-4.0884,6.608,3.8986,3.7566,1.8676,0.2745,0.0661,0.0655,0.169,5.4179,5.0,35.0,0.0,0.0,0.0032,0.0269,0.0263,0.0004,0.0002,0.9806,1
0.629,1.1097,-2.9093,1.4746,0.2519,0.3099,0.0419,0.0752,0.1213,1.5333,7.0,35.0,1.0,0.0,0.0007,0.0007,0.0196,0.0002,0.0104,0.985,0
-6.2876,2.5091,-3.2793,1.8196,1.5287,0.2776,0.0544,0.0601,0.1316,2.498,3.0,35.0,0.0,0.0,0.0102,0.0098,0.0033,0.0049,0.0033,0.9741,0
-3.4731,2.9371,4.7937,2.371,1.2499,0.2402,0.0554,0.0191,0.101,0.6249,1.0,20.0,0.0,0.0,0.0193,0.0163,0.0064,0.3269,0.0401,0.9006,1
12.4977,4.176,-3.955,2.0997,1.5591,0.3108,0.0245,0.017,0.0277,7.4564,4.0,60.0,2.0,0.0,0.0183,0.1999,0.0309,0.1177,0.0071,0.9236,1
25.1994,2.4398,3.8896,1.2101,1.7396,0.2933,0.0106,0.018,0.1335,7.4769,4.0,60.0,1.0,0.0,0.0478,0.0539,0.3844,0.5828,0.0167,1.0,1
-2.958,2.5534,2.8982,0.4052,1.4524,0.2884,0.0532,0.05,0.1219,0.8424,3.0,35.0,0.0,0.0,0.0229,0.0352,0.0019,0.0415,0.0058,0.9621,0
-0.3789,1.0379,-2.2761,1.6476,0.7038,0.2946,0.0212,0.0319,0.0899,0.6372,3.0,35.0,0.0,0.0,0.0231,0.0105,0.0151,0.0107,0.0034,1.0,0
-4.8308,2.7532,-8.2461,2.1613,1.7332,0.2718,0.01,0.034,0.097,0.6108,4.0,35.0,0.0,0.0,0.0209,0.022,0.0188,0.0138,0.0113,0.997,0
18.4203,5.5821,-4.1261,1.9122,0.9599,0.2964,0.0393,0.0391,0.1286,2.2256,5.0,60.0,0.0,0.0,0.0319,0.0183,0.055,0.2737,0.0054,0.9449,1
-0.813,2.0105,6.4208,0.8198,1.4512,0.2997,0.035,0.0677,0.1541,0.8535,3.0,35.0,0.0,0.0,0.0059,0.0188,0.0128,0.0567,0.0027,0.9782,0
-0.439,2.9503,-3.9906,1.1451,1.1963,0.302,0.0225,0.01,0.0168,0.7432,4.0,35.0,0.0,0.0,0.0424,0.0059,0.024,0.0244,0.009,0.9912,0
-0.6205,1.9671,-2.9134,0.9592,1.4085,0.2164,0.0376,0.0316,0.0957,0.5741,3.0,60.0,1.0,0.0,0.0639,0.1219,0.043,0.0571,0.0108,0.9446,1
-6.9895,1.0906,26.3789,2.9128,1.1744,0.3238,0.0182,0.01,0.0611,0.4154,3.0,60.0,0.0,0.0,0.0343,0.0142,0.0308,0.6478,0.008,0.7785,1
-0.8184,3.2924,-13.3264,3.1101,1.7557,0.2905,0.0251,0.0352,0.082,2.9397,1.0,20.0,0.0,0.0,0.0271,0.3347,0.0334,0.3909,0.0151,0.9899,1
-1.8365,4.1664,8.6003,2.1919,1.8065,0.2708,0.0589,0.1085,0.1341,0.5266,6.0,60.0,1.0,0.0,0.0189,0.0286,0.0116,1.0,0.0215,0.9468,1
1.2368,1.3839,-2.4514,1.6333,1.0769,0.2896,0.0483,0.0199,0.0528,3.6348,2.0,35.0,0.0,0.0,0.0173,0.0063,0.0138,0.0002,0.0023,0.9874,0
-7.1114,1.8295,4.3898,2.7802,1.3915,0.3352,0.0404,0.0762,0.1168,1.858,2.0,35.0,1.0,0.0,0.0082,0.0154,0.0069,0.0317,0.007,0.9651,0
1.4516,1.3659,-6.6637,1.6171,0.987,0.2736,0.0511,0.0987,0.1454,0.8179,3.0,60.0,0.0,0.0,0.1114,0.0779,0.1289,0.1666,0.0051,0.9278,0
-0.5407,1.1836,2.9062,1.3435,1.1608,0.332,0.0179,0.0318,0.0765,0.4365,3.0,35.0,0.0,0.0,0.0341,0.0212,0.0221,0.0013,0.0019,0.9977,0
-15.0327,1.4748,-2.4383,2.7425,0.4384,0.3212,0.013,0.0173,0.0705,4.4215,6.0,60.0,1.0,0.0,0.1376,0.1146,0.0251,0.2147,0.0236,0.9779,1
1.2943,1.2946,-4.5746,2.0772,0.7013,0.3018,0.0292,0.0439,0.0629,1.0481,3.0,35.0,1.0,0.0,0.0033,0.0163,0.0097,0.0094,0.0118,0.9802,0
8.2839,0.3,-33.0183,5.5917,0.9821,0.2834,0.0563,0.045,0.1457,1.4176,3.0,60.0,1.0,0.0,0.0498,0.4977,0.0011,0.4065,0.0058,0.8282,1
-3.7618,2.108,-2.7939,0.3255,0.6763,0.295,0.0332,0.0668,0.0731,1.592,3.0,35.0,1.0,0.0,0.0132,0.0013,0.0068,0.0041,0.0104,0.9803,0
0.2758,2.3863,-5.3425,0.4024,0.2834,0.2866,0.036,0.0119,0.0529,1.9946,4.0,35.0,0.0,0.0,0.0129,0.0116,0.0078,0.0158,0.0162,0.9921,0
29.1508,6.8932,-4.6947,0.8859,0.5899,0.295,0.0416,0.1278,0.2133,4.1362,4.0,60.0,2.0,0.0,0.0368,0.0671,0.151,0.4584,0.0232,0.8823,1
-10.5165,2.7585,-7.6272,1.7188,4.8546,0.1382,0.0253,0.0685,0.1059,0.402,0.0,0.0,0.0,0.0,0.5502,0.0196,0.0068,0.0075,0.091,0.91,1
-9.035,4.0975,-13.672,4.2742,2.2913,0.2645,0.0382,0.0398,0.0953,3.4361,4.0,60.0,1.0,0.0,0.0082,0.5125,0.0234,0.5569,0.0183,0.7268,1
-2.8575,2.1561,-3.1617,1.2437,0.8293,0.307,0.0419,0.0383,0.0547,1.1852,4.0,35.0,1.0,0.0,0.019,0.0028,0.0349,0.0253,0.0114,0.9777,0
-20.6186,4.3077,1.4398,3.2248,3.8836,0.2828,0.0121,0.1003,0.2705,5.837,1.0,20.0,2.0,0.0,0.0012,0.042,0.4281,0.5413,0.0197,0.9991,1
2.337,2.8113,-5.7006,2.0488,0.5164,0.3167,0.0173,0.0376,0.0842,1.2479,4.0,35.0,0.0,0.0,0.0033,0.0166,0.0234,0.0195,0.0075,0.9914,0
2.551,1.573,-10.3744,0.7133,1.2797,0.2847,0.0537,0.0541,0.1066,3.2252,4.0,60.0,2.0,0.0,0.0169,0.1369,0.0701,0.0036,0.0251,0.9152,1
0.3716,2.7437,-25.4001,5.3862,1.5295,0.3253,0.0301,0.0515,0.0842,1.1509,3.0,60.0,2.0,0.0,0.032,0.6253,0.0101,0.3387,0.0185,0.7233,1
3.7354,1.3987,-27.6322,2.3156,1.2071,0.2872,0.0196,0.0482,0.0571,2.0582,2.0,40.0,2.0,0.0,0.0423,0.516,0.0288,0.2051,0.0212,0.8685,1
2.5428,1.4797,-8.8421,1.6704,1.6004,0.2359,0.0454,0.0391,0.1181,1.345,4.0,60.0,0.0,0.0,0.166,0.0245,0.0449,0.0324,0.014,0.9542,1
-8.4807,3.8495,10.8225,0.4883,1.4753,0.3355,0.0377,0.0105,0.0113,0.7533,2.0,40.0,0.0,0.0,0.0454,0.0063,0.0592,0.694,0.0054,0.9313,1
-4.4037,2.3327,1.2137,2.1389,1.832,0.3426,0.0513,0.0559,0.1057,1.9821,6.0,35.0,0.0,0.0,0.0033,0.0143,0.0151,0.0249,0.0018,0.9954,0
-2.2728,0.9005,-10.8397,0.2798,1.0954,0.3082,0.0282,0.05,0.0846,0.4454,4.0,60.0,1.0,0.0,0.0062,0.0628,0.0401,0.3,0.0122,0.8928,1
0.4702,1.906,-2.0103,2.0306,0.5925,0.3246,0.0408,0.0643,0.0821,1.0206,2.0,35.0,0.0,0.0,0.0202,0.0207,0.0317,0.0324,0.0056,0.9855,0
0.7219,2.3018,-5.262,0.5886,1.4461,0.3006,0.01,0.01,0.0505,0.7724,3.0,60.0,0.0,0.0,0.1103,0.0966,0.0828,0.0782,0.0047,0.9255,1
2.4287,2.4757,13.7377,2.0994,0.2,0.2767,0.0383,0.0298,0.1547,1.9645,2.0,40.0,0.0,0.0,0.0967,0.0369,0.0321,0.5909,0.023,0.8986,1
1.5116,2.0852,-2.5469,2.2662,1.2366,0.322,0.0202,0.0336,0.0359,3.343,6.0,35.0,0.0,0.0,0.0086,0.0232,0.0103,0.0233,0.003,0.9736,0
-1.434,0.4292,0.9556,0.2,1.0461,0.3477,0.022,0.01,0.0237,0.9615,2.0,35.0,0.0,0.0,0.033,0.02,0.0008,0.012,0.0034,0.9768,0
3.1487,1.4648,-1.0478,2.6976,2.0376,0.2862,0.056,0.033,0.0599,1.9193,3.0,35.0,0.0,0.0,0.0178,0.0014,0.0098,0.0628,0.0136,0.9865,0
2.5171,3.8198,2.7507,2.6489,0.8494,0.349,0.0698,0.0502,0.1218,3.1593,3.0,35.0,0.0,0.0,0.0231,0.0112,0.0118,0.0033,0.0036,0.9835,0
-7.2802,1.3623,-10.5983,2.8632,2.9696,0.2233,0.0356,0.0449,0.0841,0.438,1.0,20.0,0.0,0.0,0.3847,0.0401,0.023,0.183,0.0142,0.8575,1
-21.8495,7.192,4.2327,0.2,3.8616,0.2838,0.0364,0.1006,0.1889,1.4749,1.0,20.0,4.0,0.0,0.0126,0.0471,0.2627,0.3176,0.0165,0.8828,1
1.8461,1.4437,-2.6283,0.4174,0.2619,0.3238,0.0307,0.0398,0.0774,0.3058,2.0,35.0,1.0,0.0,0.0027,0.0122,0.0008,0.0267,0.0027,0.9957,0
3.6096,1.4504,-4.1654,2.6556,0.4646,0.3193,0.0384,0.01,0.0458,1.5724,5.0,35.0,0.0,0.0,0.0047,0.0154,0.0105,0.0353,0.0026,1.0,0
0.6914,2.673,-4.1163,1.8532,0.6854,0.2712,0.0172,0.0594,0.0836,1.0679,4.0,35.0,0.0,0.0,0.0071,0.0311,0.0155,0.0094,0.0029,0.9725,0
6.8212,0.4093,-2.5464,0.2,0.2,0.312,0.0317,0.0652,0.1272,1.3802,2.0,35.0,1.0,0.0,0.0239,0.0087,0.0104,0.0229,0.0033,0.9916,0
1.2333,1.6479,-5.1459,1.6202,0.5697,0.3124,0.0556,0.0381,0.1226,0.9375,3.0,35.0,1.0,0.0,0.0006,0.0372,0.0171,0.0088,0.0082,0.9946,0
0.7046,1.6173,-0.1573,2.154,1.9245,0.3089,0.0277,0.0663,0.1162,2.5147,3.0,35.0,0.0,0.0,0.0022,0.0026,0.0057,0.0302,0.0069,0.9864,0
0.5253,0.33,-2.9319,0.5939,0.501,0.2925,0.027,0.01,0.056,2.3422,2.0,35.0,0.0,0.0,0.0279,0.0055,0.0164,0.0344,0.0054,0.9933,0
-2.6713,0.8961,1.2919,0.8058,0.7507,0.3011,0.0177,0.0251,0.0361,2.2647,4.0,35.0,2.0,0.0,0.0006,0.0029,0.0253,0.0412,0.0069,0.9633,0
-24.0684,3.9242,1.8266,3.3191,2.9738,0.2256,0.0641,0.0874,0.2244,2.542,2.0,40.0,1.0,0.0,0.02,0.0055,0.0622,0.5379,0.0015,0.923,1
2.5391,1.65,-2.8689,1.6679,0.65,0.3414,0.0221,0.0531,0.1462,0.3982,3.0,35.0,1.0,0.0,0.0274,0.0074,0.0027,0.0391,0.0109,0.9625,0
-1.3499,2.9459,-23.4577,4.9159,0.6666,0.2574,0.0121,0.0871,0.1274,0.8472,2.0,40.0,2.0,0.0,0.0333,0.435,0.018,0.2089,0.0114,0.9826,1
2.9472,0.5188,2.9918,1.6054,1.438,0.2961,0.0387,0.0327,0.1148,3.455,2.0,35.0,0.0,0.0,0.0103,0.0096,0.0217,0.0046,0.0023,0.9478,0
-1.49,2.3556,15.4242,0.2,2.2893,0.2917,0.0336,0.1161,0.2275,1.1684,1.0,20.0,0.0,0.0,0.0649,0.012,0.0249,0.298,0.0289,0.9913,1
15.0,7.09,-5.8139,4.0986,0.6345,0.2775,0.0422,0.0244,0.1149,4.4822,3.0,35.0,1.0,0.0,0.0066,0.0135,0.0215,0.0358,0.0089,0.9628,0
23.0771,5.4582,-2.6553,3.8512,1.7418,0.314,0.0488,0.013,0.1866,3.0033,2.0,40.0,3.0,0.0,0.0198,0.023,0.1486,0.15,0.0034,0.9079,1
-9.6487,6.1701,-2.5853,4.033,2.4976,0.2779,0.0262,0.0236,0.1257,1.9997,5.0,35.0,1.0,0.0,0.0032,0.0072,0.0102,0.0377,0.013,0.9547,0
12.2198,3.4664,-2.836,1.6164,0.7771,0.2908,0.0299,0.01,0.0186,3.0887,1.0,20.0,0.0,0.0,0.0411,0.1434,0.0231,0.2456,0.0185,0.9046,1
1.9708,1.298,0.1772,1.7853,2.0878,0.2609,0.0498,0.02,0.0517,0.6753,4.0,60.0,0.0,0.0,0.0452,0.0942,0.1067,0.1682,0.0046,0.9548,1
-26.1573,2.4724,-0.0054,3.4557,1.8605,0.3065,0.0518,0.0708,0.3436,2.8248,6.0,60.0,2.0,0.0,0.0031,0.0195,0.1521,0.7069,0.006,0.989,0
2.4595,3.2592,-17.8495,1.3905,4.6301,0.1741,0.0219,0.0849,0.2201,0.393,3.0,60.0,0.0,0.0,0.2986,0.0109,0.0133,0.1153,0.0372,0.8765,1
-3.4258,1.5396,-21.3446,5.2401,2.1216,0.243,0.0262,0.0582,0.1537,4.6869,2.0,40.0,2.0,0.0,0.025,0.5261,0.0319,0.5149,0.0218,0.7676,1
1.2823,3.3178,-1.1715,1.9167,1.8888,0.123,0.0171,0.0603,0.0921,1.1501,0.0,0.0,0.0,0.0,0.4844,0.0237,0.0052,0.0434,0.0296,0.8901,1
-2.9856,0.6534,9.9669,3.3356,1.7272,0.329,0.0352,0.0721,0.1627,1.0164,3.0,60.0,0.0,0.0,0.0103,0.0077,0.0267,0.3453,0.0388,0.8295,1
-2.9046,2.1768,12.3555,1.2109,2.2772,0.2686,0.0344,0.0593,0.0852,1.1245,1.0,20.0,0.0,0.0,0.0094,0.0132,0.0224,0.7949,0.0228,0.9764,1
1.2554,2.6767,12.0784,2.2788,0.7965,0.3397,0.0326,0.03,0.0437,0.1,5.0,60.0,0.0,0.0,0.018,0.0157,0.0111,0.5265,0.0207,0.9012,1
-23.4415,4.2087,-0.6324,2.8621,3.3326,0.2923,0.0493,0.1466,0.3814,6.0151,5.0,60.0,2.0,0.0,0.0168,0.0448,0.3658,0.7086,0.0227,0.8398,1
-0.2418,2.0838,-8.2444,1.4409,0.2,0.177,0.0504,0.1144,0.1825,0.7222,2.0,40.0,0.0,1.0,0.5027,0.0339,0.0035,0.1896,0.1576,0.8425,1
-2.4015,1.2103,-29.2731,3.7054,0.4883,0.303,0.0455,0.0385,0.0703,3.5465,3.0,60.0,2.0,0.0,0.0016,0.4979,0.0234,0.5419,0.0162,0.891,1
-3.2177,2.0474,-8.271,1.5613,2.5719,0.265,0.0351,0.033,0.1309,0.2681,5.0,60.0,3.0,0.0,0.0872,0.081,0.0436,0.0816,0.0035,0.9535,1
-1.6749,2.5157,7.8656,1.4802,0.4005,0.3126,0.052,0.0501,0.0934,2.7944,4.0,35.0,0.0,0.0,0.0107,0.0103,0.0169,0.0148,0.0028,0.9795,0
-9.8494,4.1748,-18.8532,2.2048,1.5193,0.2854,0.0336,0.0573,0.0828,6.0466,2.0,40.0,1.0,0.0,0.0589,0.1842,0.088,0.5187,0.0047,0.7904,1
-0.8998,2.2692,1.2045,2.7053,1.6716,0.2541,0.0514,0.01,0.0451,6.0,5.0,35.0,0.0,0.0,0.008,0.0031,0.0045,0.0253,0.0025,0.9763,0
-1.3521,1.474,-25.216,2.8388,1.0963,0.3581,0.0377,0.09,0.1848,1.0411,3.0,60.0,0.0,0.0,0.0168,0.3547,0.0168,0.5719,0.0133,0.9003,1
